employeeId,name,dateOfBirth,contact.email,compensation.baseSalary,work.department,location.city,work.startDate
105,Camellia Tytterton,9/18/1992,ctytterton0@acquirethisname.com,48698.66,Services,Essen,10/6/2015
104,Constance Attenbrough,1/24/1950,cattenbrough1@discuz.net,58666.7,Business Development,Silveiros,6/23/2017
104,Jermaine Oswal,5/10/1993,joswal2@unblog.fr,45894.87,Engineering,San Antonio,11/21/2012
104,Lilith Henderson,7/11/1996,lhenderson3@slideshare.net,65119.46,Research and Development,Datan,5/17/2016
103,Dael Alleburton,4/28/1977,dalleburton4@guardian.co.uk,63946.78,Marketing,Paizhou,9/6/2012
101,Lowell Opy,4/22/1976,lopy5@meetup.com,66658.47,Human Resources,Haninge,10/16/2015
102,Korney Nystrom,8/25/2006,knystrom6@statcounter.com,63553.15,Marketing,Liukou,11/23/2016
104,Hesther Zamudio,9/7/1973,hzamudio7@bloomberg.com,57497.71,Human Resources,Mizque,4/27/2011
102,Karlan Tanner,4/6/2007,ktanner8@delicious.com,45157.06,Business Development,Al Buq‘ah,1/25/2012
101,Sophia Di Biaggi,4/11/1983,sdi9@soundcloud.com,60662.5,Legal,Rancagua,10/24/2016
103,Merwyn Asmus,11/28/2009,masmusa@tumblr.com,68688.44,Engineering,Vila Real de Santo António,4/20/2015
103,Todd Kleen,12/21/2004,tkleenb@ft.com,61534.29,Legal,Gaowu,10/2/2017
102,Ora Eldrid,3/26/1998,oeldridc@uiuc.edu,65560.28,Business Development,Quinta do Sobrado,2/19/2016
102,Helen Uridge,1/7/1950,huridged@foxnews.com,50122.12,Product Management,Volgograd,12/31/2015
102,Devonne Seppey,10/24/1951,dseppeye@oakley.com,45590.68,Product Management,Spirit River,3/4/2018
103,Micky Powling,7/29/1962,mpowlingf@hatena.ne.jp,61435.4,Product Management,Palanit,10/6/2011
102,Fielding Gowthorpe,3/30/1965,fgowthorpeg@wisc.edu,53911.95,Marketing,Carvalhinho,12/30/2016
104,Lara Jaumet,4/1/1972,ljaumeth@multiply.com,68807.0,Research and Development,Almaznyy,10/25/2018
104,Lauretta Kundt,4/8/1970,lkundti@google.pl,67494.17,Engineering,Bodiosa a Velha,8/5/2018
103,Waneta Trelease,2/16/1988,wtreleasej@com.com,58739.24,Accounting,Jiangna,3/27/2017
103,Amelina Browett,2/2/2003,abrowettk@mit.edu,54140.58,Accounting,Ciénaga,1/25/2014
103,Klarika Everest,9/24/2011,keverestl@sogou.com,55712.5,Marketing,Calapan,5/6/2018
104,Ray Charker,11/12/2006,rcharkerm@issuu.com,65323.77,Engineering,Örebro,3/27/2015
105,Rozelle Ogley,9/7/1952,rogleyn@nationalgeographic.com,47914.16,Legal,Kumagaya,5/8/2013
104,Kale Layzell,11/5/2001,klayzello@skyrock.com,53780.78,Sales,Pā’īn-e Bāzār-e Rūdbār,1/3/2015
102,Felisha Boud,4/12/1952,fboudp@paginegialle.it,46888.62,Research and Development,Penza,4/23/2015
101,Eberto Broom,11/10/1956,ebroomq@multiply.com,55862.39,Business Development,El Viejo,8/5/2011
102,Michele Elgie,4/24/1961,melgier@live.com,58185.52,Sales,San Jose,6/20/2016
101,Kerrin Tollett,12/18/1964,ktolletts@dell.com,45071.53,Sales,Khafizan,10/20/2015
102,Isabelle Langley,4/11/1982,ilangleyt@usgs.gov,62543.11,Marketing,Vievis,4/26/2012
105,Lazarus Goodhew,10/26/1986,lgoodhewu@cpanel.net,68252.39,Research and Development,Priupskiy,2/16/2010
101,Kimbell Barrs,11/17/1992,kbarrsv@oracle.com,65683.68,Training,Saint Croix,5/26/2011
103,Carolynn Dollard,7/24/1985,cdollardw@guardian.co.uk,57965.89,Product Management,Sebina,8/7/2014
103,Honor Lidgate,5/15/1987,hlidgatex@csmonitor.com,48328.18,Product Management,Tieli,2/25/2013
103,Rodrigo Malecky,3/26/1971,rmaleckyy@twitpic.com,63504.11,Engineering,Hongor,8/1/2012
102,Arluene Armstrong,3/28/1982,aarmstrongz@paginegialle.it,49423.33,Marketing,Ždánice,9/25/2010
102,Torrey Stansell,12/25/1967,tstansell10@netvibes.com,57110.76,Business Development,Hamilton,6/28/2017
105,Thornie Vennings,9/30/1988,tvennings11@wufoo.com,66324.78,Sales,Murzuq,1/17/2014
101,Piggy Blaszczyk,4/25/1995,pblaszczyk12@ucsd.edu,67770.06,Training,Pedra Azul,2/1/2017
105,Olin Gadie,2/18/1967,ogadie13@nbcnews.com,53797.25,Engineering,Nanyue,3/26/2014
101,Dennet Peach,3/3/1989,dpeach14@fotki.com,47621.12,Services,Akráta,5/14/2012
101,Elianora Bergen,7/18/1980,ebergen15@wikimedia.org,57286.95,Sales,Nusajaya,4/28/2011
105,Ninon Baudoux,6/21/1977,nbaudoux16@nasa.gov,48744.77,Research and Development,Debre Zeyit,11/27/2017
103,Saunders Mc Meekin,1/7/1955,smc17@constantcontact.com,61645.04,Sales,Bebedouro,10/7/2014
103,Humberto De Leek,12/8/1958,hde18@newyorker.com,47522.02,Legal,Xiema,9/5/2010
101,Miquela Akrigg,2/10/2006,makrigg19@skype.com,50714.6,Engineering,Shuangxi,9/2/2017
104,Fowler Simpole,10/16/1992,fsimpole1a@huffingtonpost.com,52318.83,Engineering,Capandanan,7/26/2016
102,Marta Skydall,11/28/1987,mskydall1b@mit.edu,55273.3,Legal,Metu,6/26/2017
105,Rhody Scheu,5/13/1989,rscheu1c@t.co,69814.49,Marketing,Cheping,2/16/2011
103,Torey Kadar,4/8/1996,tkadar1d@apple.com,51464.68,Research and Development,Dami,6/28/2012
103,Giselle Lockney,12/10/1954,glockney1e@cafepress.com,53010.47,Marketing,Jiahe,7/13/2017
101,Rhona Ricks,6/5/1967,rricks1f@epa.gov,67583.23,Business Development,La Mesa,12/23/2017
102,Lilla Kesley,10/31/1998,lkesley1g@cmu.edu,66340.33,Business Development,Putrajaya,10/3/2016
105,Andrej Antoniou,7/1/1962,aantoniou1h@theglobeandmail.com,48231.67,Marketing,Kalahang,11/27/2013
104,Delmore Matashkin,3/29/2009,dmatashkin1i@angelfire.com,46327.56,Sales,Ribeira do Pombal,2/8/2010
104,Salvador Critch,10/29/1965,scritch1j@thetimes.co.uk,47846.61,Product Management,Nouvelle France,7/10/2013
102,Augustus Calderonello,4/8/2002,acalderonello1k@google.cn,48228.03,Product Management,Saboyá,2/4/2014
101,Randee Bollans,5/24/1992,rbollans1l@sina.com.cn,59496.38,Accounting,Poconé,5/30/2010
101,Nikolai Accombe,1/30/1969,naccombe1m@elegantthemes.com,45777.3,Marketing,Ifakara,11/17/2017
104,Bjorn Walsham,10/5/1962,bwalsham1n@clickbank.net,45630.26,Sales,Kalde Panga,12/23/2014
105,Dayle Cunde,12/17/1992,dcunde1o@bloglovin.com,51805.11,Services,Gongjiahe,5/26/2014
105,Cheri Silman,2/7/1977,csilman1p@amazon.co.uk,60604.14,Business Development,Zhenxi,1/10/2017
101,Carley Morgan,1/15/1995,cmorgan1q@imdb.com,67782.43,Legal,Mekarjaya,1/1/2017
102,Shirley Condon,7/20/1992,scondon1r@howstuffworks.com,48375.57,Business Development,Kumamoto,6/2/2014
105,Silvan Mogg,2/2/1981,smogg1s@ask.com,57776.88,Human Resources,Xianghua,3/16/2014
102,Gilbertine Nottle,10/28/1959,gnottle1t@creativecommons.org,51818.96,Training,Ujmisht,7/23/2013
103,Correy Gon,10/25/1999,cgon1u@sphinn.com,49702.52,Support,Chư Sê,10/23/2018
102,Anne Lygo,8/18/1989,alygo1v@usatoday.com,60328.91,Product Management,West Jerusalem,10/26/2017
104,Darla Pitcaithley,11/3/1962,dpitcaithley1w@trellian.com,57332.27,Engineering,Wentai,9/5/2016
101,Chris Bainbrigge,7/29/1985,cbainbrigge1x@a8.net,47508.37,Engineering,Panggungsari,8/4/2018
102,Sherman Engelmann,10/22/1994,sengelmann1y@theglobeandmail.com,50920.04,Product Management,København,11/4/2015
101,Alonso Matussov,10/12/1985,amatussov1z@purevolume.com,55825.84,Services,Ajaccio,9/3/2015
103,Damara Van Ross,7/3/1978,dvan20@blogger.com,55341.46,Research and Development,Na'ale,5/14/2015
102,Elenore Beccero,7/11/1993,ebeccero21@va.gov,65706.09,Accounting,Xinli,4/17/2015
104,Annabel Clorley,8/25/2011,aclorley22@disqus.com,58136.97,Business Development,Sanhe,10/13/2014
104,Arlyne Kiffin,10/26/2007,akiffin23@ft.com,61088.27,Marketing,Baiyang,5/13/2017
103,Pen Tims,5/29/2010,ptims24@slideshare.net,50613.87,Support,Chenqing,12/5/2012
102,Gui Perel,1/8/2004,gperel25@nps.gov,55189.76,Support,Qufu,7/3/2011
105,Ab De Bell,8/2/1961,ade26@tinyurl.com,60065.45,Accounting,Agualva de Cima,10/18/2010
103,Rebbecca Winterson,8/4/2012,rwinterson27@eventbrite.com,67406.53,Sales,Sinŭiju,7/4/2018
104,Elisabet MacGilmartin,2/21/1971,emacgilmartin28@merriam-webster.com,51411.62,Research and Development,Santo Antônio do Monte,2/5/2016
103,Darci Pinching,12/5/1980,dpinching29@weibo.com,46369.92,Accounting,Simpang Ulim,10/8/2017
101,Aurilia Ambage,11/4/2004,aambage2a@ucoz.ru,45506.8,Training,Legrada,10/24/2014
104,Randi Roughsedge,9/17/1980,rroughsedge2b@google.fr,51791.03,Support,Yangmingbu,10/12/2010
105,Klemens Suthren,2/4/1951,ksuthren2c@youku.com,61311.02,Services,Ţāqchah Khānah,4/5/2011
103,Cornelius Baxandall,11/6/1968,cbaxandall2d@ezinearticles.com,64511.48,Support,Talun,2/8/2010
104,Barney Hanniger,11/4/2002,bhanniger2e@blogger.com,52650.48,Services,Yorosso,8/22/2017
101,Lon Palphreyman,6/21/1960,lpalphreyman2f@wired.com,51161.6,Marketing,Anxi,9/15/2013
103,Ruddy Ritson,3/29/1990,rritson2g@berkeley.edu,45569.87,Training,Bandarlampung,2/17/2016
105,Curran Millsom,10/14/1975,cmillsom2h@webnode.com,50069.18,Legal,Skovorodino,6/27/2018
105,Webster Hannay,8/24/1959,whannay2i@sbwire.com,68355.56,Human Resources,Prinza,1/26/2010
102,Genevra Livesey,7/24/1956,glivesey2j@disqus.com,57614.2,Business Development,Ahar,5/22/2016
101,Haley Cham,6/14/2007,hcham2k@sciencedaily.com,46883.41,Business Development,Mhango,1/9/2015
101,Peyton McCrossan,11/16/1969,pmccrossan2l@epa.gov,46418.47,Legal,Youchou,6/16/2013
101,Daffi Kanzler,12/30/2004,dkanzler2m@globo.com,47057.19,Engineering,Conchamarca,5/15/2017
104,Vinni Riglar,10/11/1953,vriglar2n@bluehost.com,56281.2,Human Resources,Llano Largo,2/4/2012
104,Caryn Davidwitz,11/6/1976,cdavidwitz2o@kickstarter.com,51093.6,Engineering,Chichibu,5/17/2016
102,Mindy O'Currigan,7/2/1967,mocurrigan2p@berkeley.edu,52749.12,Human Resources,Olhos de Água,2/9/2016
104,Reinaldos Queree,10/26/1965,rqueree2q@geocities.jp,50517.08,Accounting,Sabon Gari-Nangere,6/3/2012
105,Art Ebbles,3/23/2007,aebbles2r@ycombinator.com,67306.96,Business Development,Yekaterinovka,5/1/2013
102,Ardith Cornillot,4/9/1992,acornillot2s@google.cn,62521.81,Legal,Palmital,9/6/2012
103,Niko Francescozzi,7/8/1996,nfrancescozzi2t@ft.com,49601.76,Services,Predavac,11/19/2015
101,Cletis Freeborn,10/29/1981,cfreeborn2u@networkadvertising.org,57211.66,Product Management,Red Hill,4/22/2011
102,Ham Marjanski,12/14/2008,hmarjanski2v@aboutads.info,66195.83,Legal,Zhongfeng,8/20/2016
104,Kellyann Walters,3/15/1955,kwalters2w@ovh.net,52998.5,Support,Matingain,5/19/2012
105,Raina Collman,1/15/2005,rcollman2x@acquirethisname.com,54125.09,Research and Development,Chinameca,7/15/2017
104,Moses Huelin,7/27/1972,mhuelin2y@domainmarket.com,49100.3,Accounting,Chacapalpa,9/11/2010
104,Nico Wearne,1/10/1998,nwearne2z@statcounter.com,52773.29,Legal,Zhusha,6/18/2015
101,Filmer Cloake,8/2/1984,fcloake30@va.gov,63439.34,Marketing,La Esperanza,11/4/2016
104,Zia Agott,3/16/1978,zagott31@cmu.edu,64857.33,Human Resources,Al Bāriqīyah,3/24/2011
101,Terrel Ianniello,12/17/2010,tianniello32@sourceforge.net,67363.57,Business Development,Skalbmierz,7/20/2012
102,Priscilla Mabbott,8/25/1987,pmabbott33@yellowpages.com,53719.25,Sales,Citarik,6/24/2018
104,Daveta Bodicam,11/20/1962,dbodicam34@noaa.gov,65541.43,Sales,Sepahua,12/4/2013
105,Libbi Machent,3/18/2008,lmachent35@discuz.net,54784.83,Accounting,Sanshilipu,4/19/2013
101,Philipa Hurich,8/20/2007,phurich36@toplist.cz,47457.69,Accounting,San Antonio,7/11/2011
104,Prisca Guswell,3/19/2011,pguswell37@nydailynews.com,55558.72,Accounting,Rasskazovo,4/12/2018
105,Tristan Tylor,12/29/1951,ttylor38@constantcontact.com,56219.51,Research and Development,Zhuping,1/2/2012
102,Maggie Vousden,5/5/1962,mvousden39@plala.or.jp,46527.89,Marketing,Dawa-Dawa,5/8/2014
102,Noland Mateu,10/1/2000,nmateu3a@sohu.com,66990.34,Engineering,Chartres,12/26/2018
103,Wyn Whaley,5/2/1992,wwhaley3b@google.ca,49730.21,Marketing,Nagbalaye,5/17/2017
103,Stafford O'Kennavain,12/18/1966,sokennavain3c@amazon.co.uk,56580.21,Support,Wanmao,4/30/2012
105,Marjy Mitchard,11/29/1974,mmitchard3d@meetup.com,64585.48,Research and Development,Capellanía,2/24/2015
101,Pauletta Bramo,3/21/1962,pbramo3e@forbes.com,45535.06,Sales,Bulls,2/8/2013
102,Sibilla Cremins,9/18/1973,scremins3f@time.com,57518.82,Training,Shenshu,10/24/2016
102,Kendre Pont,5/28/1956,kpont3g@yale.edu,48355.9,Marketing,Joaquín Suárez,12/22/2012
102,Rabi Cowitz,10/2/2003,rcowitz3h@scribd.com,51481.84,Marketing,Maduao,4/24/2012
104,Rudie Tottie,4/19/2002,rtottie3i@indiatimes.com,46443.26,Sales,Dededo Village,9/9/2016
101,Dom Naisby,3/11/1969,dnaisby3j@mysql.com,50108.44,Legal,Acaraú,8/2/2012
105,Ozzie Merigot,8/27/1958,omerigot3k@goo.ne.jp,67417.34,Sales,El Almendro,12/4/2011
104,Dee dee Deam,2/15/1952,ddee3l@spotify.com,63519.71,Training,Sukahening,11/21/2010
104,Wallas Browncey,10/2/2008,wbrowncey3m@unc.edu,47367.35,Support,Järfälla,2/18/2012
102,Aldin Housby,12/18/1989,ahousby3n@e-recht24.de,45116.17,Human Resources,Yedogon,2/29/2012
103,Sabine Lutman,2/11/1977,slutman3o@go.com,52784.52,Engineering,Watuagung,6/12/2013
101,Bibby Garber,9/9/1976,bgarber3p@ehow.com,50643.72,Accounting,Leninskiy,3/22/2014
105,Amby McIleen,6/28/1984,amcileen3q@sciencedaily.com,59980.13,Product Management,Huangbao,12/3/2010
102,Callida Redhole,5/24/1958,credhole3r@mozilla.org,47578.97,Legal,Ponggeok,4/28/2014
105,Josselyn Gauthorpp,2/13/1965,jgauthorpp3s@ucla.edu,45535.19,Product Management,Kamyzyak,9/29/2013
103,Frances Bullas,10/30/1968,fbullas3t@virginia.edu,61790.79,Legal,Molina,12/25/2013
105,Drona Arsey,2/23/2001,darsey3u@latimes.com,69332.11,Support,Nunmanu,7/14/2016
101,Flinn Bagger,1/8/2005,fbagger3v@bandcamp.com,64078.6,Support,Miyako,1/21/2014
104,Sula Bisgrove,6/6/1999,sbisgrove3w@dailymail.co.uk,49405.15,Marketing,Jatirejo,6/3/2015
102,Rochester Bramwich,3/26/1964,rbramwich3x@chron.com,67052.76,Product Management,Rashaant,4/4/2012
105,Thia Frew,3/30/1951,tfrew3y@myspace.com,56829.03,Marketing,Bechyně,1/11/2014
103,Eliot Kerfoot,2/2/1993,ekerfoot3z@trellian.com,46404.53,Engineering,Radenka,5/8/2018
105,Robby Levermore,11/15/1973,rlevermore40@xinhuanet.com,65237.89,Research and Development,Daidaon,12/3/2013
104,Maximo Itzak,8/18/1959,mitzak41@alexa.com,69454.8,Engineering,Zhangguanying,11/28/2015
102,Hildagard Wroth,8/18/1999,hwroth42@phpbb.com,69674.89,Accounting,Casigua El Cubo,6/1/2010
102,Emilia Siggins,5/13/1986,esiggins43@jugem.jp,53385.57,Accounting,Ponta da Garça,2/8/2016
104,Nora Heineking,11/13/1988,nheineking44@hugedomains.com,46917.66,Sales,Tawangrejo,2/12/2016
103,Esdras Guerrin,4/28/1974,eguerrin45@cmu.edu,68772.91,Accounting,Itaitinga,8/24/2010
103,Leopold Hunn,5/5/2006,lhunn46@eepurl.com,47479.89,Research and Development,Calvos,11/20/2010
103,Caralie Doodson,11/23/1980,cdoodson47@washingtonpost.com,67337.63,Product Management,Linjiang,12/2/2010
104,Clim Hallahan,8/2/1987,challahan48@cloudflare.com,62386.33,Marketing,Sebegen,10/1/2012
105,Harlin Devonshire,4/16/2012,hdevonshire49@goodreads.com,62062.45,Product Management,Maganha,12/14/2011
101,Arlen Reggiani,12/13/1951,areggiani4a@privacy.gov.au,63499.46,Accounting,Jawf al Maqbābah,6/15/2015
105,Gabrielle Paolucci,5/25/1970,gpaolucci4b@eventbrite.com,61728.7,Sales,Gabès,8/1/2011
105,Elizabet Phelipeau,8/2/1976,ephelipeau4c@storify.com,64738.54,Research and Development,Narsaq,6/16/2010
103,Rickie Hawkswell,11/6/1977,rhawkswell4d@nationalgeographic.com,51115.28,Research and Development,Los Palacios,7/12/2014
105,Sherlocke Ritmeyer,1/25/1983,sritmeyer4e@imageshack.us,49301.19,Training,Łagów,10/20/2015
103,Deirdre Perryn,1/30/1972,dperryn4f@list-manage.com,67545.38,Legal,Jacksonville,6/21/2012
103,Elonore Lowen,1/30/1952,elowen4g@foxnews.com,69471.35,Engineering,Leskovec pri Krškem,7/9/2010
103,Brett Mears,1/1/1961,bmears4h@ucoz.com,51372.29,Legal,Tinogasta,3/4/2014
104,Kelcie Hallihan,2/14/2003,khallihan4i@163.com,59469.25,Research and Development,Banyupoh,7/31/2018
101,Luciana Kettell,9/29/1961,lkettell4j@weibo.com,68177.16,Sales,Viale,9/1/2011
102,Gerrie O'Bruen,9/27/1962,gobruen4k@clickbank.net,59924.75,Accounting,Pagelaran,1/29/2014
104,Adelind O'Loghlen,8/16/1955,aologhlen4l@barnesandnoble.com,59511.25,Services,Beiwucha,12/1/2017
101,Paulo Muzzillo,5/6/1975,pmuzzillo4m@mit.edu,52125.25,Human Resources,Cimongkor,10/18/2016
103,Vanna Darwin,8/22/1994,vdarwin4n@sbwire.com,59851.97,Engineering,Cabaritan East,11/3/2016
104,Saundra Lithcow,4/25/1983,slithcow4o@linkedin.com,47056.31,Business Development,Patquía,10/9/2017
101,Merrick Pancoast,12/12/1982,mpancoast4p@unicef.org,66498.92,Human Resources,Cojata,2/13/2012
102,Nerte Tibbles,2/18/2004,ntibbles4q@aol.com,55912.06,Product Management,Pasar,6/8/2012
104,Donna Isac,12/15/2006,disac4r@soundcloud.com,61638.31,Product Management,Patos de Minas,8/23/2014
105,Ardith Jaskiewicz,7/25/1973,ajaskiewicz4s@ft.com,66436.48,Business Development,Rio de Janeiro,8/12/2015
102,Brandais Ingleston,8/14/1971,bingleston4t@howstuffworks.com,57443.32,Accounting,Šumperk,5/12/2018
105,Reuven Coskerry,2/21/2003,rcoskerry4u@meetup.com,62462.96,Support,Rejoyoso,1/31/2013
102,Krissy Goldston,3/6/1971,kgoldston4v@xinhuanet.com,61939.1,Accounting,Chimtāl,12/20/2016
105,Reba Horning,3/5/1977,rhorning4w@smugmug.com,64616.04,Human Resources,Lidköping,5/28/2016
102,Kile Flaunier,4/9/1956,kflaunier4x@goo.gl,46028.08,Legal,Golek,6/11/2017
101,Liana Chrishop,1/5/2011,lchrishop4y@wunderground.com,59549.48,Accounting,Lanchkhuti,11/11/2013
103,Clarissa McGirl,3/24/1979,cmcgirl4z@4shared.com,57375.4,Research and Development,Fenhe,5/20/2018
105,Haroun Reape,4/10/2008,hreape50@posterous.com,56722.55,Business Development,Chunjing,2/22/2013
101,Kelci Shapira,8/27/1967,kshapira51@elegantthemes.com,64512.68,Marketing,Weda,6/25/2015
104,Shaw Ziemens,9/8/1957,sziemens52@un.org,61330.32,Business Development,Qiansuo,5/4/2017
104,Tedmund Lambdin,2/6/1950,tlambdin53@e-recht24.de,47941.56,Legal,Baoshan,4/24/2016
102,Zonda Callender,4/19/2009,zcallender54@naver.com,47604.29,Legal,Pavlovka,8/24/2013
104,Kevon Read,11/24/1992,kread55@example.com,60071.6,Training,Goričan,1/27/2010
102,Alonso Blanden,8/4/1989,ablanden56@mtv.com,47644.59,Sales,Liudong,6/28/2013
103,Joya Kinson,9/20/1996,jkinson57@furl.net,61243.76,Sales,Františkovy Lázně,1/4/2014
104,Amata Bruckner,12/8/1981,abruckner58@jiathis.com,61626.07,Marketing,Borūjen,11/20/2014
105,Artus Pilbury,11/20/1952,apilbury59@posterous.com,45228.18,Training,Satowebrang,6/17/2016
101,Rolando O'Carran,10/5/1987,rocarran5a@goodreads.com,47400.95,Research and Development,Lebel-sur-Quévillon,12/22/2014
101,Garwood Pavic,5/28/1979,gpavic5b@ow.ly,48923.97,Engineering,Cucuyagua,6/29/2013
103,Nariko Joul,11/22/1964,njoul5c@baidu.com,56457.3,Services,Hujiagou,6/5/2010
102,Johnette Bortoluzzi,8/3/1995,jbortoluzzi5d@facebook.com,56657.36,Services,El Perico,10/6/2012
101,Gardy Flavelle,11/23/2003,gflavelle5e@cornell.edu,67795.21,Engineering,Galesong,12/29/2012
105,Xavier Kiff,2/19/1993,xkiff5f@dyndns.org,64529.58,Support,Ufa,10/15/2010
102,Corbie Dell Casa,9/16/1956,cdell5g@wufoo.com,65716.46,Human Resources,Hongwŏn,4/9/2016
102,Townie McAreavey,3/18/2002,tmcareavey5h@examiner.com,48462.13,Human Resources,Xinmatou,3/29/2012
102,Riki Danter,3/14/1952,rdanter5i@creativecommons.org,53694.84,Services,Alcainça,8/3/2012
103,Hersh Tether,4/1/1975,htether5j@friendfeed.com,47245.73,Product Management,Maralal,9/23/2016
101,Rodolph Lavin,6/14/1966,rlavin5k@artisteer.com,52409.88,Product Management,San Marcos,3/25/2012
103,Roy Prout,2/28/1959,rprout5l@newyorker.com,67249.89,Marketing,Ubud,9/4/2015
102,Hanny Rohmer,5/14/1969,hrohmer5m@technorati.com,46715.18,Human Resources,Slyudyanka,11/5/2016
105,Burnard McIlory,5/8/1955,bmcilory5n@mac.com,68338.68,Support,Arteche,2/19/2012
104,Latia Bamfield,8/20/1988,lbamfield5o@zimbio.com,64208.25,Accounting,Mariel,1/9/2018
105,Artemus Rains,10/4/1986,arains5p@auda.org.au,45231.19,Support,Golopau,9/29/2018
103,Ethelred Jubb,4/23/2009,ejubb5q@nymag.com,45642.62,Research and Development,New York City,4/27/2011
101,Elianora Gifkins,8/12/1980,egifkins5r@nih.gov,45953.68,Training,Tubuhue,9/23/2012
104,Blondie Joyes,8/16/1962,bjoyes5s@trellian.com,54477.54,Human Resources,Bronx,1/10/2011
105,Janek Kingstne,3/22/1971,jkingstne5t@macromedia.com,64912.79,Accounting,Purwasari,12/24/2012
105,Hebert Pantone,1/19/1985,hpantone5u@hatena.ne.jp,55742.15,Accounting,Przecław,7/14/2018
101,Sisile Egarr,6/1/1957,segarr5v@skyrock.com,45678.38,Research and Development,Xunhe,9/17/2012
105,Claudina Spedroni,9/8/1981,cspedroni5w@ovh.net,65121.45,Human Resources,Minle,3/21/2014
103,Karney Upstell,10/29/1981,kupstell5x@wikimedia.org,46031.75,Legal,Richards Bay,3/3/2018
104,Jerrylee Gover,2/25/1959,jgover5y@nymag.com,66066.5,Engineering,Aţ Ţafīlah,11/3/2010
105,Vern Chadburn,4/16/1974,vchadburn5z@intel.com,68594.49,Training,Chaoyang,5/18/2011
103,Eilis Stanmer,5/15/1977,estanmer60@bluehost.com,53732.94,Marketing,Tangzhuang,4/25/2016
105,Julian Redsull,11/1/1951,jredsull61@noaa.gov,57506.3,Research and Development,Xin’an,1/21/2018
105,Rhett Gonzales,10/29/1970,rgonzales62@redcross.org,48083.03,Business Development,Maodao,8/2/2011
105,Valenka Leghorn,9/29/1988,vleghorn63@unc.edu,69294.22,Accounting,Dayr Dibwān,6/28/2012
101,Vinnie Andriuzzi,2/14/1969,vandriuzzi64@dailymail.co.uk,68302.19,Services,Gulou,1/30/2017
103,Waverley Lokier,12/1/1961,wlokier65@sfgate.com,67676.72,Research and Development,Jocón,8/18/2018
103,Shea Bavester,5/11/2010,sbavester66@oakley.com,62706.19,Marketing,Santa Cruz,3/4/2016
101,Alejandra Meindl,5/2/1958,ameindl67@booking.com,48412.08,Legal,Oemanu,4/1/2011
102,Justino Ubee,9/7/2009,jubee68@dailymotion.com,65403.82,Engineering,Wakkanai,3/14/2014
101,Toby Ephson,3/17/1950,tephson69@posterous.com,45665.0,Engineering,Manolo Fortich,2/21/2010
104,Juana Mercik,11/17/2007,jmercik6a@bluehost.com,57557.27,Product Management,Kuantian,2/27/2012
105,Antonetta Goodanew,8/9/1990,agoodanew6b@zimbio.com,50327.51,Product Management,Jastrowie,2/17/2017
101,Salomo Fourcade,9/2/1977,sfourcade6c@google.ru,65363.34,Accounting,Lizhai,7/23/2013
102,Kyle Heaseman,7/3/1953,kheaseman6d@freewebs.com,61939.22,Sales,Nanterre,9/4/2015
103,Neville McGahern,11/19/1983,nmcgahern6e@geocities.com,66434.93,Training,Wanmu,10/22/2010
102,Anton McDarmid,4/7/1978,amcdarmid6f@msn.com,69527.54,Business Development,Lewoluo,5/22/2016
105,Bertrando Graser,2/27/2002,bgraser6g@sourceforge.net,68582.15,Training,La Punta,3/12/2017
102,Jemima Pechell,2/18/1991,jpechell6h@noaa.gov,56867.23,Legal,Fteliá,1/28/2015
102,Rebekkah Ciotto,4/14/2011,rciotto6i@ning.com,59009.88,Business Development,Shuitianzhuang,9/15/2018
105,Hadrian Kirkebye,4/5/1979,hkirkebye6j@ucla.edu,52148.05,Research and Development,Lodoyo,2/15/2014
102,Jocko Bradnock,10/12/1995,jbradnock6k@oaic.gov.au,48906.16,Training,Daying,11/2/2013
101,Lilli Fosbraey,6/28/1961,lfosbraey6l@upenn.edu,50620.88,Human Resources,Lapai,11/3/2010
102,Fairlie Prose,7/29/1956,fprose6m@networkadvertising.org,65401.24,Support,Diadi,7/3/2018
104,Patti Benditt,4/29/1957,pbenditt6n@imgur.com,68046.15,Research and Development,Oton,3/25/2016
103,Karol Ekins,11/10/1986,kekins6o@dedecms.com,59836.82,Marketing,Fovissste,9/28/2012
101,Crystal Alleburton,3/25/1997,calleburton6p@rambler.ru,57602.73,Accounting,Dajin,8/1/2017
103,Moe Hackforth,3/2/1986,mhackforth6q@netscape.com,53277.25,Research and Development,Petrikov,8/29/2010
103,Ruprecht Deniset,4/30/2005,rdeniset6r@apache.org,55185.23,Services,Kawungsari,2/16/2012
105,Thomasina Celez,7/28/2003,tcelez6s@weibo.com,49638.41,Support,Kamba,10/5/2012
102,Jarret Di Franceshci,7/25/1974,jdi6t@blog.com,53480.27,Human Resources,Silva Jardim,10/5/2012
105,Esther Di Bartolommeo,1/9/1999,edi6u@studiopress.com,66695.34,Accounting,Vale da Serra,8/16/2015
101,Thorndike Instrell,4/17/1977,tinstrell6v@gravatar.com,62895.19,Legal,Blizne,7/4/2018
105,Shawnee Chastney,1/14/2006,schastney6w@home.pl,55550.39,Engineering,Karafao,1/16/2014
105,Darleen Laviste,3/28/1996,dlaviste6x@elegantthemes.com,68072.42,Sales,Mueang Nonthaburi,8/4/2016
103,Florence Hayth,11/4/1993,fhayth6y@creativecommons.org,60748.56,Legal,Buenavista,7/25/2013
105,Ely Petriello,12/16/2006,epetriello6z@howstuffworks.com,62628.41,Services,Maranura,7/8/2013
104,Farrah Ladon,10/11/1986,fladon70@ask.com,64204.46,Product Management,Matagbak,1/3/2018
103,Roxanne Kirkland,7/20/2006,rkirkland71@sciencedirect.com,57740.08,Sales,Suzhou,7/8/2011
103,Elwood Canham,2/11/2009,ecanham72@tripod.com,58434.18,Legal,Vällingby,7/11/2011
102,Tine Dymock,9/18/1997,tdymock73@va.gov,46561.13,Research and Development,Kazanskaya,7/21/2011
105,Augustine Uzzell,3/16/1961,auzzell74@taobao.com,68325.0,Human Resources,Doom,3/2/2013
103,Averil Geare,5/1/1961,ageare75@i2i.jp,64508.08,Marketing,Huoqiu Chengguanzhen,11/22/2015
105,Geoffrey Lockett,7/19/1973,glockett76@jigsy.com,53265.32,Training,Jiangyou,6/25/2012
101,Josi MacAfee,6/23/1976,jmacafee77@nba.com,65531.24,Accounting,Zamostochcha,4/27/2017
103,Karilynn Chandler,6/12/1979,kchandler78@blogtalkradio.com,61714.05,Human Resources,Venezuela,7/8/2017
101,Thibaud Gladbeck,4/25/1972,tgladbeck79@behance.net,65698.66,Business Development,Primorsko-Akhtarsk,10/3/2018
104,Ursuline Fleote,7/8/2006,ufleote7a@biblegateway.com,50143.63,Marketing,Ma’an,8/23/2013
101,Shara Guise,10/29/1974,sguise7b@cisco.com,55860.2,Legal,Port-Vila,4/11/2016
102,Franny Dummett,10/27/1983,fdummett7c@miitbeian.gov.cn,66388.16,Human Resources,Shiguai,2/25/2017
104,Grier Cornes,9/14/1971,gcornes7d@issuu.com,49796.32,Research and Development,Gose,9/29/2018
103,Wainwright Musto,9/26/1988,wmusto7e@cdbaby.com,64696.91,Legal,Budapest,5/8/2018
102,Blanca Human,11/12/1985,bhuman7f@wix.com,48773.07,Accounting,Chongxian,5/13/2013
105,Dallis Wallenger,2/23/1968,dwallenger7g@unblog.fr,58152.05,Training,Ampelókipoi,8/6/2013
104,Tommie Jobe,5/21/2006,tjobe7h@reuters.com,67653.36,Support,Hengliang,9/20/2014
104,Lesley McRae,4/15/2004,lmcrae7i@marketwatch.com,69511.59,Product Management,Porto Calvo,5/27/2014
102,Bryn Folley,8/12/2012,bfolley7j@abc.net.au,45218.06,Research and Development,‘Afīf,12/21/2012
103,Brigham Clarke,2/17/1995,bclarke7k@answers.com,53636.11,Marketing,Khudoyelanskoye,3/1/2014
105,Edythe Sheerin,8/10/1963,esheerin7l@google.de,65065.86,Business Development,Périgueux,8/26/2015
103,Yovonnda Roft,9/11/1963,yroft7m@photobucket.com,50599.05,Product Management,Ihuari,4/2/2015
103,Harv Ryder,3/31/1952,hryder7n@mysql.com,62256.37,Legal,Montemor-o-Velho,6/30/2017
102,Ellerey Born,6/6/1975,eborn7o@bluehost.com,68968.53,Business Development,Fosca,3/21/2018
102,Ronnie Dingle,2/25/1995,rdingle7p@prlog.org,53899.31,Research and Development,Dolavón,8/16/2014
104,Robinette Rooze,4/12/1972,rrooze7q@fema.gov,59608.81,Product Management,Jiangpu,4/26/2015
101,Nicoli Welford,5/16/1978,nwelford7r@cdbaby.com,66852.31,Legal,Palencia,11/11/2018
101,Udell Sheehan,2/28/1983,usheehan7s@a8.net,50431.11,Human Resources,Ampanihy,1/16/2017
105,Clyve Watson,6/7/1978,cwatson7t@businesswire.com,67288.9,Marketing,Purworejo,9/20/2010
104,Ruddie Kuhne,11/11/1972,rkuhne7u@ebay.co.uk,59814.34,Training,Bureya,5/9/2012
102,Reina Hickisson,11/8/1981,rhickisson7v@netscape.com,61113.69,Research and Development,Nanga Eboko,9/7/2011
105,Niles Powrie,11/2/2009,npowrie7w@accuweather.com,57499.93,Legal,Eira da Pedra,6/14/2015
104,Herman Canero,10/14/1997,hcanero7x@indiegogo.com,65471.82,Product Management,Sergiyev Posad,12/23/2011
102,Carrol Maddy,2/24/1973,cmaddy7y@nbcnews.com,59479.7,Sales,Zhuli,10/21/2013
103,Levi Dalmon,4/15/1950,ldalmon7z@cisco.com,69324.12,Services,Savitaipale,3/30/2014
102,Aubrey Gherardini,3/21/1983,agherardini80@linkedin.com,55890.57,Research and Development,Panite,11/13/2013
104,Say Gosnoll,6/26/2011,sgosnoll81@soundcloud.com,49546.4,Business Development,Bila Krynytsya,4/3/2018
104,Lethia Wren,3/21/1955,lwren82@amazon.de,47171.36,Engineering,Valencia,8/15/2017
105,Reyna Le Provost,10/10/1975,rle83@foxnews.com,51980.88,Accounting,Cluny,5/31/2014
102,Kippy Polgreen,4/10/1987,kpolgreen84@amazon.com,68288.45,Training,Richards Bay,6/16/2017
104,Aguie Moncreiff,5/30/1961,amoncreiff85@seattletimes.com,55123.25,Business Development,Pantaibesar,5/23/2014
103,Francklyn Lemme,2/27/2000,flemme86@github.com,69266.82,Marketing,Saint-Pierre,1/23/2011
105,Berty Garvan,1/16/1964,bgarvan87@loc.gov,66160.64,Engineering,Valence,12/18/2010
104,Berrie Crackel,3/25/2003,bcrackel88@ted.com,69449.3,Engineering,Dieppe,11/2/2011
101,Elaina Beveridge,3/3/1987,ebeveridge89@home.pl,69545.94,Human Resources,Nagrog,4/4/2013
101,Hamil Kebbell,9/21/1961,hkebbell8a@reverbnation.com,45369.86,Research and Development,Anfu,6/10/2014
104,Curtice Attwill,2/28/1971,cattwill8b@51.la,61398.14,Human Resources,Xiaohebian,4/22/2012
105,Grayce Cudmore,4/14/1990,gcudmore8c@wikia.com,55641.2,Training,Zhexiao,12/29/2013
104,Kristal Isacsson,1/14/1977,kisacsson8d@nasa.gov,66345.21,Product Management,Kroya,11/11/2012
103,Rikki MacKereth,9/24/1999,rmackereth8e@google.it,58315.03,Legal,Karanganyar,7/20/2015
103,Maressa Stott,12/20/1977,mstott8f@businesswire.com,64843.33,Training,Viamão,2/18/2018
101,Rene Reisk,11/14/2011,rreisk8g@e-recht24.de,45249.78,Support,Sidi Moussa,9/22/2011
101,Tammi Dobbs,2/25/1987,tdobbs8h@japanpost.jp,60553.59,Sales,Lescar,10/25/2018
105,Pat Ledgley,9/22/1950,pledgley8i@vinaora.com,53240.06,Research and Development,Thị Trấn Phước Bửu,3/11/2018
101,Catharine Moffet,5/12/1978,cmoffet8j@nasa.gov,45452.97,Product Management,Wielgie,7/24/2010
103,Jillana Kolyagin,12/1/2006,jkolyagin8k@adobe.com,55198.22,Accounting,West Palm Beach,1/22/2011
101,Giavani Sanchiz,10/10/1979,gsanchiz8l@sakura.ne.jp,53916.23,Engineering,Cahors,6/14/2012
103,Tammie Ellissen,7/10/1953,tellissen8m@naver.com,61168.15,Support,Paris 05,3/27/2012
103,Alana Stockin,5/21/1963,astockin8n@yellowbook.com,46545.68,Legal,Antipolo,1/27/2011
104,Carol-jean Hayton,11/11/1966,chayton8o@reverbnation.com,68637.15,Engineering,Makato,9/19/2017
101,Debor Stucke,5/21/1983,dstucke8p@uol.com.br,69724.35,Business Development,Liqiao,4/30/2012
101,Barbabra Snellman,5/17/1989,bsnellman8q@blog.com,52295.49,Accounting,Hukeng,4/28/2011
102,Perren Burnall,6/15/1983,pburnall8r@cbc.ca,46454.65,Services,Zalanga,2/10/2010
101,Alastair Verrick,5/25/1965,averrick8s@examiner.com,47639.03,Business Development,Harjavalta,8/25/2011
103,Oliver Ensley,7/12/1961,oensley8t@netlog.com,54250.48,Training,Somerset East,11/8/2011
104,Callean Goalby,8/29/2010,cgoalby8u@weather.com,66696.83,Business Development,Chiara,6/2/2014
103,Liesa Grewes,4/20/1979,lgrewes8v@cbsnews.com,61135.17,Services,Sedayu,7/28/2018
101,Patton Botterman,8/18/1977,pbotterman8w@mapy.cz,45949.97,Marketing,Kesheng,8/26/2011
101,Terri Beebis,10/8/1970,tbeebis8x@shutterfly.com,53111.55,Legal,Zachepylivka,12/8/2012
105,Queenie Bergeon,3/2/1964,qbergeon8y@goodreads.com,63161.32,Marketing,Zhanghua,5/29/2016
104,Berty Popplestone,9/22/2004,bpopplestone8z@utexas.edu,50035.37,Human Resources,Cervantes,1/8/2017
102,Giovanna Fullagar,7/1/1993,gfullagar90@disqus.com,51948.93,Human Resources,Kynopiástes,1/25/2013
105,Margery Goggins,9/25/2007,mgoggins91@cdc.gov,66726.39,Marketing,Nzérékoré,11/11/2010
103,Rolando McKniely,4/23/1974,rmckniely92@google.com,63573.3,Legal,Jianshan,7/6/2018
102,Haley Storcke,5/28/1976,hstorcke93@xrea.com,65569.82,Training,Tucson,6/11/2012
101,Georg Hugo,2/27/2003,ghugo94@google.com.br,62257.79,Marketing,Xiangcunxiang,8/21/2012
103,Rois Daud,4/24/1992,rdaud95@wikia.com,59849.07,Business Development,Ameixoeira,12/30/2010
103,Pollyanna Tebbitt,6/27/1978,ptebbitt96@earthlink.net,48501.27,Accounting,Samoljica,11/2/2010
104,Brigham Berthomier,9/10/2009,bberthomier97@yandex.ru,60476.73,Legal,Asnières-sur-Seine,9/13/2017
103,Archie Greeson,8/7/1995,agreeson98@java.com,62877.1,Legal,Cabean,6/1/2016
104,Irena O'Hone,10/31/1990,iohone99@indiegogo.com,56405.64,Sales,Wakkanai,11/25/2013
103,Carley Kares,8/23/1999,ckares9a@accuweather.com,55486.38,Sales,Santiago De Compostela,6/22/2012
105,Kiersten Bolin,10/9/1954,kbolin9b@oakley.com,64183.19,Human Resources,Kedungbanteng Krajan,3/14/2017
105,Barbey Dumberell,9/23/1969,bdumberell9c@walmart.com,52891.44,Training,Denver,4/15/2014
105,Melosa Nuccitelli,3/7/2009,mnuccitelli9d@fda.gov,45326.59,Business Development,Belgrade,5/7/2010
105,Gweneth Dickson,5/2/1951,gdickson9e@sohu.com,49250.67,Accounting,Sumberkemuning,4/9/2010
101,Godiva Wenderott,1/13/1951,gwenderott9f@npr.org,67925.1,Training,Betzdorf,10/31/2012
105,Avis Tilby,7/26/1955,atilby9g@nyu.edu,59077.73,Sales,Sanguinheira,7/12/2015
105,Rowan Barles,8/6/2008,rbarles9h@patch.com,50539.37,Training,Saiki,6/15/2018
105,Gannon Pisculli,4/12/1952,gpisculli9i@indiegogo.com,68699.98,Marketing,Raofeng,1/4/2011
103,Pegeen Canet,5/13/2012,pcanet9j@cmu.edu,53988.72,Legal,Cleveland,2/19/2017
102,Marisa Hekkert,1/30/1950,mhekkert9k@un.org,62924.1,Legal,Cimonyong,4/19/2018
102,Dani Deme,6/2/1971,ddeme9l@histats.com,64525.69,Services,Arruda dos Vinhos,4/12/2010
102,Wittie Stubbes,5/30/1974,wstubbes9m@biglobe.ne.jp,52755.1,Research and Development,Néos Skopós,12/21/2011
103,Bridget Boote,9/9/1950,bboote9n@tumblr.com,45551.65,Research and Development,Novosel’ye,11/28/2014
103,Hugibert Desquesnes,2/18/1970,hdesquesnes9o@twitter.com,57783.75,Support,Zhoukou,11/23/2017
104,Theo Wichard,2/3/2006,twichard9p@spiegel.de,62009.52,Accounting,Mumias,9/20/2017
101,Heida Copplestone,4/21/1996,hcopplestone9q@cbslocal.com,68477.77,Product Management,Shuidong,5/14/2010
103,Rodina Arsey,11/14/1988,rarsey9r@guardian.co.uk,45822.28,Human Resources,Muararupit,3/6/2011
104,Sela Smullen,5/17/1962,ssmullen9s@mozilla.org,58131.03,Legal,Chuangye,12/29/2018
105,Dorri Spadollini,2/26/2009,dspadollini9t@patch.com,53753.95,Accounting,Komi,10/30/2011
105,Cicily Garvagh,5/7/1977,cgarvagh9u@furl.net,69409.35,Legal,Tromsø,1/6/2015
104,Betty Swash,12/30/2000,bswash9v@senate.gov,58215.94,Training,Jinshan,9/30/2010
104,Aubrie Hatton,5/9/1972,ahatton9w@nydailynews.com,50417.04,Support,Datarnangka,9/1/2011
105,Jamaal Vellender,9/25/2005,jvellender9x@ovh.net,52740.17,Services,Xucheng,1/4/2014
103,Joachim Uttley,7/4/1997,juttley9y@devhub.com,64225.01,Services,Shuishiying,5/30/2016
102,Austen Staton,10/13/1999,astaton9z@scribd.com,54864.94,Research and Development,Cruz Alta,11/23/2017
104,Issi Iacomini,12/2/2008,iiacominia0@ycombinator.com,49599.09,Engineering,Brades,7/30/2017
104,Mollee Stollsteiner,3/2/1978,mstollsteinera1@baidu.com,46134.95,Human Resources,Valence,3/20/2014
103,Renell Ruperti,4/25/1989,rrupertia2@ucsd.edu,68064.31,Support,Tenggun Dajah,9/17/2014
104,Zahara Hummerston,6/30/1955,zhummerstona3@a8.net,67177.35,Services,Murtajih,11/2/2013
101,Karry Martinolli,9/14/1991,kmartinollia4@moonfruit.com,57165.18,Services,Pantano do Sul,11/26/2016
104,Nananne Flahy,2/20/1995,nflahya5@shop-pro.jp,54984.42,Business Development,Thị Trấn Na Hang,5/27/2011
105,Frederigo Launchbury,11/16/1997,flaunchburya6@geocities.jp,55033.98,Accounting,Tawen Aobao,3/10/2017
102,Philipa Wetherell,10/3/1971,pwetherella7@squidoo.com,47741.2,Research and Development,San Felipe,8/23/2017
102,Aloysia Roskams,1/31/1952,aroskamsa8@stanford.edu,58415.9,Marketing,Yaotian,10/18/2011
102,Frank Helian,7/1/2005,fheliana9@acquirethisname.com,50165.33,Business Development,La Cruz,9/29/2018
105,Lynn Seaton,10/14/1953,lseatonaa@kickstarter.com,53052.99,Engineering,Eindhoven,4/25/2012
105,Parsifal Clemson,7/10/1952,pclemsonab@devhub.com,49025.67,Human Resources,Erbil,4/13/2011
105,Lucio Pughsley,2/13/1978,lpughsleyac@freewebs.com,54070.28,Marketing,Shawnee Mission,3/8/2018
101,Fredericka Knok,6/18/1998,fknokad@indiegogo.com,59618.56,Human Resources,Knoxville,5/20/2014
103,Meredith Chesman,1/22/1983,mchesmanae@timesonline.co.uk,59945.68,Sales,Pingsha,7/31/2016
101,Weber Vitet,1/23/1960,wvitetaf@icio.us,56363.39,Sales,Rāmhormoz,9/10/2013
103,Marcie Drysdell,5/10/1957,mdrysdellag@vinaora.com,60382.4,Accounting,Sukowiryo,2/8/2016
102,Nolly Laboune,3/17/1997,nlabouneah@wikia.com,65638.34,Legal,La Punta,8/20/2010
105,Angelique Rosenfarb,5/10/2010,arosenfarbai@slate.com,50718.0,Engineering,Taza,1/20/2011
104,Kit Pateman,6/1/1981,kpatemanaj@plala.or.jp,57832.32,Accounting,Moche,4/10/2016
104,Manny De Nisco,9/9/1960,mdeak@army.mil,50054.49,Accounting,Berea,7/17/2018
102,Angeli Lount,6/21/2010,alountal@businesswire.com,46086.92,Sales,Bailadores,2/6/2013
104,Raine Sitlinton,1/15/1985,rsitlintonam@cnet.com,67206.68,Marketing,Tadine,7/31/2012
101,Irvin Figger,8/17/1987,ifiggeran@dyndns.org,52540.95,Research and Development,Xingxi,7/8/2014
105,Toby Skures,6/18/1965,tskuresao@clickbank.net,52029.73,Training,Pucyura,5/27/2016
104,Kiele Arnull,7/21/1991,karnullap@php.net,60315.81,Sales,Maslovka,6/11/2017
103,Jessi Glencorse,10/22/2000,jglencorseaq@deviantart.com,61679.33,Training,Pinoma,3/11/2015
102,Fons Erley,10/2/1971,ferleyar@symantec.com,69448.27,Legal,Lameira,1/26/2011
104,Doralynne Kivlin,5/23/1981,dkivlinas@ebay.com,65188.55,Marketing,Qinggang,12/5/2014
103,Gabriellia Bolgar,8/2/1978,gbolgarat@gizmodo.com,64998.8,Product Management,Jinqiao,10/11/2010
103,Bendite Pellatt,8/1/1956,bpellattau@usa.gov,62396.13,Human Resources,Betim,10/17/2011
103,Tuesday Abson,6/7/1973,tabsonav@pen.io,54989.0,Engineering,Macun,4/28/2012
101,Anson Chopin,7/19/1972,achopinaw@hud.gov,55769.78,Marketing,Świecie nad Osą,1/18/2014
103,Lexis Burness,3/15/1979,lburnessax@google.ru,50369.77,Human Resources,Paraíso,9/12/2011
105,Allison Maasze,12/13/1989,amaaszeay@angelfire.com,48216.18,Services,Buenos Aires,3/5/2015
104,Marylinda Walczak,5/17/1995,mwalczakaz@bigcartel.com,69196.61,Services,Чегране,12/6/2016
105,Katuscha Rohlfing,3/21/2011,krohlfingb0@statcounter.com,56031.54,Accounting,Sezures,5/18/2014
102,Veronika Brewse,4/19/1976,vbrewseb1@google.fr,50357.3,Engineering,Kými,4/14/2017
101,Trev Reicharz,10/28/1998,treicharzb2@scribd.com,55841.99,Product Management,Oodweyne,8/11/2016
104,Oona Pietzker,9/2/2011,opietzkerb3@dyndns.org,60936.68,Engineering,Hoeryŏng,11/17/2012
105,Kassi Peniman,4/11/1998,kpenimanb4@example.com,64298.62,Human Resources,Huinca Renancó,10/27/2012
102,Everett Bredes,9/10/2006,ebredesb5@ameblo.jp,52533.44,Human Resources,Berezivka,5/29/2016
102,Rowan Gary,4/25/1954,rgaryb6@symantec.com,64115.83,Support,Gaojia,7/3/2011
105,Sophia Bramo,11/28/1999,sbramob7@yelp.com,46209.34,Accounting,Vysoké Mýto,11/15/2012
105,Wilmar Reeme,10/22/1955,wreemeb8@free.fr,59087.35,Business Development,Caracol,5/6/2015
104,Keene Ransome,1/19/1953,kransomeb9@google.ca,59228.24,Training,Kombissiri,10/9/2018
103,Carlie Blofield,7/23/1988,cblofieldba@cbsnews.com,66169.59,Product Management,Wangmeng,11/29/2015
102,Jase Surcombe,1/31/1956,jsurcombebb@about.me,65002.38,Accounting,Ladário,5/14/2013
104,Rodd Foggo,10/29/1973,rfoggobc@imgur.com,56300.89,Product Management,Eira Nova,6/2/2017
105,Eduardo Tankus,1/16/1980,etankusbd@prweb.com,50992.92,Services,Chocz,11/14/2018
101,Nikkie Francescoccio,5/4/1953,nfrancescocciobe@mayoclinic.com,48203.41,Product Management,Czarków,3/24/2014
102,Willem Artingstall,5/25/1975,wartingstallbf@omniture.com,65885.73,Human Resources,Qiaogu,12/18/2015
103,Berry Matuska,1/31/1974,bmatuskabg@chronoengine.com,46576.96,Support,Sanya,11/25/2017
101,Norma Grimsell,5/29/1988,ngrimsellbh@vinaora.com,47361.57,Accounting,Lensk,7/31/2014
101,Aimil Pawlaczyk,9/27/1977,apawlaczykbi@apple.com,68209.19,Research and Development,Balboa,9/4/2010
104,Ransom Sliman,12/7/2011,rslimanbj@businessweek.com,68375.5,Training,Petushki,1/5/2011
101,Annora Ivancevic,12/30/1977,aivancevicbk@tuttocitta.it,65447.8,Engineering,Zouparria do Monte,11/19/2017
101,Alec Perrigo,3/9/1999,aperrigobl@technorati.com,68920.87,Services,Boshchorbogh,3/24/2013
103,Fanchon Goldup,6/5/1973,fgoldupbm@ebay.com,66258.31,Engineering,Ketampak,9/25/2013
105,Freemon Bramhill,7/2/1960,fbramhillbn@mozilla.com,57020.94,Services,Anliang,1/26/2013
102,Adlai Ditter,4/16/2008,aditterbo@gmpg.org,61242.13,Services,Dushk,3/11/2010
105,Gayle Matthiae,10/13/1980,gmatthiaebp@rakuten.co.jp,69560.87,Business Development,Praga Północ,11/9/2017
105,Ashlie Cawson,1/8/1997,acawsonbq@feedburner.com,65350.77,Legal,Chibombo,5/29/2012
103,Clay Leaburn,4/29/1976,cleaburnbr@yelp.com,53906.98,Legal,Bykov,3/7/2013
103,Jacinta Whitlock,7/5/1960,jwhitlockbs@ca.gov,51769.0,Research and Development,Ushumun,2/13/2012
102,Charlena Armall,7/29/1983,carmallbt@chronoengine.com,51733.48,Business Development,Nyanza,9/22/2012
102,Loreen Douberday,5/30/1963,ldouberdaybu@sun.com,66984.16,Services,Francisco Beltrão,10/1/2016
105,Care Goundsy,6/4/1996,cgoundsybv@admin.ch,47532.39,Human Resources,Acopampa,12/9/2017
102,Manya Benzie,11/24/1966,mbenziebw@creativecommons.org,59671.85,Sales,Hanyin Chengguanzhen,9/10/2013
102,Susan Ohanessian,5/21/1956,sohanessianbx@usda.gov,47397.31,Support,Rotterdam,1/18/2014
101,Norris Sherwen,12/25/1959,nsherwenby@ucla.edu,57322.76,Business Development,Kulutan,2/16/2013
105,Cathryn Hegge,1/31/2005,cheggebz@cargocollective.com,69761.18,Services,Storozhnytsya,8/3/2016
104,Karin Baber,9/4/1956,kbaberc0@tinypic.com,61066.65,Business Development,Bida,2/4/2016
103,Obadiah Blewett,7/14/1961,oblewettc1@dell.com,45346.96,Research and Development,Flying Fish Cove,1/7/2012
101,Alastair Spindler,1/15/2001,aspindlerc2@seattletimes.com,53868.86,Accounting,Ayní,2/2/2017
101,Jammie Bryceson,10/5/2012,jbrycesonc3@twitpic.com,67175.82,Legal,Caluire-et-Cuire,3/16/2018
102,Ray Rentz,11/16/2008,rrentzc4@1und1.de,69547.88,Legal,Kula,12/17/2010
102,Sheelah Arnaudi,12/13/1987,sarnaudic5@arizona.edu,49979.41,Accounting,Zhankhoteko,5/1/2015
103,Binky Andrin,4/15/1956,bandrinc6@howstuffworks.com,51713.16,Services,Nīkêh,10/9/2014
103,Jamil Indge,9/15/2009,jindgec7@google.com.au,51065.77,Services,Hägersten,10/1/2012
104,Corry Addinall,10/22/1961,caddinallc8@xrea.com,58291.26,Services,Sanxiang,5/21/2017
101,Noellyn Alpin,7/12/2008,nalpinc9@ameblo.jp,52937.17,Marketing,Ashgabat,8/18/2012
105,Remy Rowsell,4/22/2009,rrowsellca@addtoany.com,59556.87,Business Development,Lanyi,9/26/2017
105,Franni Swarbrigg,10/16/1994,fswarbriggcb@nhs.uk,51453.51,Training,Metsovo,6/26/2014
103,Trefor Litt,12/12/2012,tlittcc@hexun.com,59725.76,Business Development,Mostovskoy,9/19/2017
101,Odette Breacher,9/1/1990,obreachercd@shop-pro.jp,50476.85,Product Management,Morelos,2/27/2012
104,Daune Feak,7/3/1971,dfeakce@list-manage.com,60640.92,Human Resources,Masaya,12/29/2010
102,Emilie Brookzie,7/15/1982,ebrookziecf@altervista.org,69179.02,Legal,Tegalagung,9/9/2010
102,Moyna Karran,11/15/2011,mkarrancg@seesaa.net,61459.64,Product Management,Dīvāndarreh,11/5/2011
103,Gabbie Jakuszewski,11/23/1970,gjakuszewskich@jigsy.com,66381.91,Legal,Zhuangbu,7/8/2012
104,Torre Feasby,11/19/1951,tfeasbyci@de.vu,57120.02,Legal,Qiantang,6/9/2014
105,Lilas Philippson,2/3/1967,lphilippsoncj@cafepress.com,59967.95,Training,Borås,11/15/2012
101,Babs Ricciardiello,7/1/1962,bricciardiellock@github.io,50567.76,Business Development,San Agustin,5/28/2018
103,Ardelis Drane,10/18/1995,adranecl@si.edu,69594.09,Legal,Guinobatan,8/26/2012
105,Kikelia Sowte,1/29/1976,ksowtecm@amazonaws.com,64750.95,Training,Bacolod,9/3/2017
104,Myrtle Collman,6/30/2002,mcollmancn@ft.com,54345.21,Support,Zwedru,1/20/2013
102,Costanza Siehard,8/7/2001,csiehardco@bbb.org,60431.68,Services,Nacala,10/29/2011
101,Vernon Voas,3/15/1986,vvoascp@a8.net,51713.24,Training,Horokhiv,3/6/2015
103,Franni Weaving,7/19/2008,fweavingcq@miibeian.gov.cn,68951.58,Product Management,Lahishyn,4/18/2015
105,Wilhelmine Rogerson,6/17/2006,wrogersoncr@omniture.com,47011.81,Training,Mogapi,7/2/2011
102,Darius Scriver,5/2/1974,dscrivercs@flavors.me,46566.38,Legal,Marseille,11/22/2010
104,Calley Shearme,2/29/1964,cshearmect@istockphoto.com,57286.04,Engineering,Zhengdun,7/27/2017
101,Les Borsi,7/30/1969,lborsicu@cyberchimps.com,65090.42,Research and Development,Heyan,6/13/2018
104,Domenico Limpkin,11/3/1960,dlimpkincv@forbes.com,48357.34,Business Development,Parchal,12/5/2013
104,Cariotta Charrington,6/24/1994,ccharringtoncw@usatoday.com,45159.11,Legal,Quilmes,4/19/2013
105,Anatola Cornier,10/22/1999,acorniercx@deliciousdays.com,64319.28,Business Development,Pavlovskaya,12/4/2012
104,Elle Bengal,10/22/1970,ebengalcy@myspace.com,52132.59,Marketing,Gwanda,12/29/2018
105,Priscilla Marwick,3/2/1980,pmarwickcz@elpais.com,59830.07,Training,Panyambungan,6/10/2012
105,Adeline Aldrick,5/10/1975,aaldrickd0@macromedia.com,51935.07,Training,Levallois-Perret,6/14/2014
104,Korry Snoddon,2/14/1987,ksnoddond1@jimdo.com,64515.59,Product Management,Malambo,9/13/2013
104,Tandie MacQuaker,5/1/1954,tmacquakerd2@google.cn,57122.81,Marketing,Cravo Norte,4/29/2017
103,Bone Kidsley,10/10/1982,bkidsleyd3@google.nl,55052.25,Legal,Hrochův Týnec,5/12/2014
101,Lucienne Lahy,11/14/1977,llahyd4@about.me,59221.18,Product Management,Nizhniy Novgorod,1/5/2010
104,Mariam Frankcombe,5/30/1974,mfrankcombed5@chron.com,61207.37,Services,Angers,11/5/2018
104,Anett Comberbeach,1/23/2009,acomberbeachd6@github.com,67944.13,Human Resources,Huohua,4/24/2018
105,Vincents Rossiter,9/4/1955,vrossiterd7@wired.com,47981.24,Training,Orsha,5/12/2018
103,Carolin Aguilar,11/8/2000,caguilard8@hexun.com,56851.92,Human Resources,Mount Ayliff,3/18/2015
103,Sax Webborn,7/21/1990,swebbornd9@go.com,66347.86,Support,Foz Giraldo,8/1/2011
105,Lin Pim,9/19/1989,lpimda@odnoklassniki.ru,69166.02,Research and Development,Villeneuve-sur-Lot,10/27/2010
105,Rockey Dukelow,7/30/1961,rdukelowdb@noaa.gov,50807.48,Training,Butterworth,8/1/2017
101,Brandon Cosby,7/2/1964,bcosbydc@meetup.com,52284.87,Training,Smidary,11/14/2017
102,Marley Butteris,1/6/1978,mbutterisdd@wufoo.com,58232.6,Human Resources,Cartagena del Chairá,6/19/2015
103,Alanson Creus,3/3/1992,acreusde@ox.ac.uk,51606.47,Research and Development,Kỳ Anh,11/27/2011
103,Alasdair Courtenay,6/8/1986,acourtenaydf@nasa.gov,65593.27,Sales,Tugulym,9/4/2013
105,Karry McEwan,7/22/1962,kmcewandg@cbsnews.com,65153.94,Training,Kvartsitnyy,10/21/2016
103,Burl Stratiff,5/19/2009,bstratiffdh@cnbc.com,64581.12,Support,Vetluga,10/23/2010
103,Heidi Keson,10/11/1960,hkesondi@yolasite.com,56104.71,Business Development,Schaumburg,11/15/2011
104,Carolann Bonsale,6/28/1952,cbonsaledj@parallels.com,55267.05,Marketing,Dayr Dibwān,2/17/2010
104,Eva Boot,1/3/1967,ebootdk@npr.org,58010.73,Legal,Tanjungbatu,11/13/2012
101,Dyann McCloid,9/15/1991,dmccloiddl@opensource.org,49243.88,Accounting,Taungdwingyi,1/12/2017
101,Zacharie Phippin,5/31/1979,zphippindm@qq.com,46669.27,Services,Jinhe,2/22/2011
101,Marsh Cowgill,1/22/2010,mcowgilldn@weibo.com,54388.49,Business Development,Anmore,6/10/2017
104,Marjory Gaiger,10/23/1964,mgaigerdo@wordpress.com,45575.24,Marketing,Krutja e Poshtme,6/25/2014
102,Broddie Blondel,2/1/2010,bblondeldp@gravatar.com,61557.84,Product Management,Balakliya,2/28/2016
104,Addison Larderot,8/24/2006,alarderotdq@miibeian.gov.cn,53486.62,Engineering,Boevange-sur-Attert,6/27/2017
101,Rosemonde Rowsell,5/6/2005,rrowselldr@bloomberg.com,61341.29,Engineering,Pagelaran,3/25/2018
103,Fitz Cawse,9/16/1966,fcawseds@dropbox.com,46768.16,Legal,Västerås,8/4/2015
103,Forrester Benstead,9/6/1953,fbensteaddt@springer.com,45030.49,Marketing,Kinalansan,1/12/2012
105,Culley Chartres,11/30/1958,cchartresdu@yandex.ru,45443.8,Human Resources,Concord,9/8/2016
105,Twyla Dyke,6/29/2011,tdykedv@facebook.com,59456.63,Legal,Bangunharja,12/31/2010
102,Petronille Hing,2/25/1988,phingdw@narod.ru,50303.46,Support,Hexi,1/28/2016
104,Jandy Rogister,6/9/1981,jrogisterdx@youtube.com,54943.0,Marketing,Bondo,5/10/2017
101,Ashli Assard,4/12/2009,aassarddy@de.vu,51355.36,Accounting,Changqiao,2/4/2012
105,Matthus Scneider,8/4/1962,mscneiderdz@godaddy.com,61350.94,Business Development,Dongqinggou,4/4/2010
105,Florella Huddleston,3/22/1956,fhuddlestone0@netlog.com,51285.86,Business Development,Alavieska,6/12/2014
102,Heda Alcorn,8/31/2008,halcorne1@gmpg.org,64436.4,Support,Obrera,7/29/2015
103,Elvira Laraway,12/19/2000,elarawaye2@craigslist.org,55871.99,Engineering,Shilibu,4/3/2017
102,Fowler Aliman,5/1/1967,falimane3@msn.com,54381.59,Accounting,Fiais da Beira,11/10/2017
102,Myca Clemmow,8/21/1991,mclemmowe4@aboutads.info,69656.23,Training,Siewierz,1/1/2013
104,Gustavus Clawe,11/17/2001,gclawee5@hp.com,55216.38,Marketing,Sainte-Adèle,4/12/2011
104,Claire Sacase,6/5/1973,csacasee6@desdev.cn,65946.8,Sales,Żabbar,9/3/2012
104,Holly Mustchin,5/13/1989,hmustchine7@google.com,50651.59,Research and Development,Dordrecht,12/4/2015
101,Putnem Rallin,1/26/1952,pralline8@hp.com,64148.96,Engineering,Anchorage,12/26/2016
103,Mathe Villar,7/11/1956,mvillare9@cbslocal.com,66808.87,Accounting,Ichupampa,6/23/2014
105,Giorgi Dumingos,5/20/2004,gdumingosea@hubpages.com,46236.3,Sales,Campina Grande do Sul,2/17/2016
102,Dillie Southon,11/3/1989,dsouthoneb@weebly.com,55538.99,Marketing,Nyköping,7/13/2015
103,Lamond Skingle,8/12/1962,lskingleec@amazon.com,51411.1,Services,Chesapeake,6/28/2010
105,King Barnsley,9/13/1999,kbarnsleyed@dailymotion.com,59316.92,Product Management,Toliara,6/16/2014
103,Lauralee Benny,9/6/1968,lbennyee@samsung.com,53076.92,Marketing,Liren,3/14/2010
102,Jo Hedman,1/16/1957,jhedmanef@mashable.com,65647.85,Legal,Sanjō,8/26/2013
102,Kelcey Trodler,8/14/1956,ktrodlereg@de.vu,64420.29,Engineering,Gafargaon,5/1/2010
103,Ivan Pantling,9/16/1979,ipantlingeh@go.com,47546.18,Legal,Fengyi,4/19/2013
101,Orv O'Sesnane,10/3/2005,oosesnaneei@admin.ch,48369.9,Legal,Khonj,11/9/2014
101,Rooney Moniker,4/6/1974,rmonikerej@lulu.com,62226.6,Support,Gävle,9/20/2017
104,Annabela Roback,4/17/1986,arobackek@indiatimes.com,61930.31,Human Resources,Hezuo,12/21/2013
102,Judon Zanutti,4/15/1972,jzanuttiel@deliciousdays.com,67523.2,Support,Nantes,7/13/2013
105,Woody Melesk,11/21/1991,wmeleskem@amazon.de,50383.81,Services,Santa Teresita,3/9/2012
102,Hillel Quainton,6/3/1996,hquaintonen@mapy.cz,66560.31,Product Management,Yangi-Nishon Shahri,5/18/2011
105,Auberon Springthorpe,3/22/1991,aspringthorpeeo@github.io,49006.42,Training,Independencia,1/21/2010
103,Lydia Hyndman,12/15/2006,lhyndmanep@nydailynews.com,57351.57,Services,Nishiwaki,5/25/2017
101,Shalna McAless,1/2/1999,smcalesseq@dagondesign.com,59608.55,Services,Ettelbruck,8/5/2015
104,Oliy Tweed,1/29/1977,otweeder@wikispaces.com,57394.66,Marketing,Jiaqu,12/15/2016
103,Pia Tarbin,6/20/1957,ptarbines@oaic.gov.au,53167.64,Human Resources,Glugur Tengah,3/8/2016
102,Murry Jaggar,2/2/1998,mjaggaret@google.com.au,52804.53,Support,Hengqu,12/13/2014
103,Alexandr Loyns,1/10/2004,aloynseu@cpanel.net,49307.32,Business Development,Sepolong Timur,10/2/2013
103,Britni Carstairs,1/29/1961,bcarstairsev@disqus.com,61738.66,Research and Development,Rixi,3/5/2012
103,Obadias Quakley,12/26/1997,oquakleyew@posterous.com,60867.84,Product Management,Mórrope,10/1/2011
103,Willy Folger,8/8/1967,wfolgerex@privacy.gov.au,52335.64,Accounting,Mandal,6/27/2015
101,Urson De Cruce,5/14/1985,udeey@goodreads.com,46649.13,Product Management,Bogotá,2/18/2011
104,Merrick Malins,4/11/1971,mmalinsez@quantcast.com,46666.39,Accounting,Chame,4/25/2018
102,Adiana Klement,2/4/1967,aklementf0@ovh.net,65325.15,Human Resources,Columbus,2/24/2015
101,Evangelia Rolfini,8/8/1959,erolfinif1@topsy.com,56410.47,Support,San Carlos de Bariloche,5/28/2013
105,Sandy Giacomini,6/7/1995,sgiacominif2@bluehost.com,46677.92,Support,Jinxiu,1/6/2018
104,Damon Tripony,1/21/1956,dtriponyf3@nyu.edu,59617.93,Support,Zavidovo,10/2/2012
105,Stanleigh Bodicum,4/20/1991,sbodicumf4@histats.com,55914.17,Legal,Gampaha,8/13/2010
102,Thoma Marsland,3/12/1965,tmarslandf5@ebay.com,45307.34,Marketing,Wedoro,1/3/2013
103,Leeann Coorington,11/26/1964,lcooringtonf6@ovh.net,64909.77,Marketing,Xiaojia,3/7/2016
101,Jolie Beaven,12/4/1977,jbeavenf7@dailymotion.com,60545.58,Accounting,Waikambila,1/18/2015
102,Latisha Bromont,12/25/1959,lbromontf8@vkontakte.ru,49979.27,Human Resources,Stąporków,12/26/2017
101,Giffie MacCroary,1/4/1964,gmaccroaryf9@vkontakte.ru,52038.53,Product Management,Louis Trichardt,8/27/2013
103,Kittie Radnedge,1/10/1977,kradnedgefa@geocities.com,59736.98,Training,Rio Claro,2/17/2018
101,Wallas Filler,3/21/2001,wfillerfb@about.com,57903.14,Engineering,Krajan Karangwage,3/21/2012
105,Raff Flahive,1/26/1951,rflahivefc@columbia.edu,63894.37,Legal,Laranjeiras do Sul,1/27/2012
105,Daren Leonida,5/2/1956,dleonidafd@webmd.com,47790.28,Legal,Dengfang,1/2/2010
105,Laughton Benoix,11/8/1991,lbenoixfe@miitbeian.gov.cn,47309.12,Sales,Az Zuwaytīnah,7/13/2016
103,Kaye Duran,12/21/1973,kduranff@facebook.com,64129.08,Research and Development,Taouima,11/18/2010
104,Connie Yeardley,7/23/1986,cyeardleyfg@cpanel.net,68433.63,Product Management,Pervomayskaya,7/14/2018
103,Denny Fridaye,2/2/2009,dfridayefh@a8.net,47253.97,Research and Development,Mae Lan,5/23/2015
104,Celka Durbyn,7/24/2007,cdurbynfi@ameblo.jp,53123.84,Business Development,Grindavík,12/9/2011
102,Maurice Medeway,2/11/1950,mmedewayfj@businessweek.com,46426.4,Human Resources,Bayramaly,9/26/2010
103,Lauree Kruschev,11/26/2001,lkruschevfk@ocn.ne.jp,45102.09,Services,Stubno,12/5/2015
102,Dodie Starsmore,7/18/1994,dstarsmorefl@wp.com,54175.42,Sales,Messina,1/24/2016
103,Nadya Akid,11/27/1956,nakidfm@naver.com,46049.06,Accounting,Tsil’na,3/1/2015
102,Barrie Jellard,5/28/2011,bjellardfn@hhs.gov,64031.54,Product Management,Rora Timur,1/13/2010
104,Jerrome Gerckens,6/3/1997,jgerckensfo@berkeley.edu,60416.78,Marketing,Lyon,3/24/2014
102,Allyn Rubinowicz,6/25/1989,arubinowiczfp@admin.ch,63713.51,Human Resources,Perstorp,4/1/2012
102,Nobie Arent,7/7/1985,narentfq@hatena.ne.jp,49933.75,Human Resources,Luchenza,9/1/2017
103,Les Mordon,7/24/2006,lmordonfr@washingtonpost.com,56736.24,Product Management,Lysice,3/5/2010
105,Corella Mulroy,9/13/1950,cmulroyfs@sun.com,51380.95,Sales,Qiaotou,6/8/2013
105,Ashil Oger,9/25/1992,aogerft@apache.org,52997.96,Support,Norrtälje,7/7/2013
104,Jorie Vonderdell,7/20/1995,jvonderdellfu@hubpages.com,57650.52,Sales,Basel,1/1/2013
103,Sheilah Smails,10/23/1979,ssmailsfv@wikia.com,52563.94,Legal,Cajamar,11/6/2018
101,Dell Franzettoini,4/2/1963,dfranzettoinifw@meetup.com,50153.78,Human Resources,Belo Jardim,11/17/2010
105,Silvio Balshen,1/25/1990,sbalshenfx@seattletimes.com,59633.09,Sales,Khokhryaki,4/26/2012
105,Giovanni Edmondson,2/14/2002,gedmondsonfy@auda.org.au,46765.61,Training,Xinkai,1/31/2015
101,Fredia Eltune,5/6/1991,feltunefz@typepad.com,51181.04,Sales,Kotauneng,12/22/2011
103,Chaunce Arnal,3/23/1960,carnalg0@github.com,50377.84,Accounting,Canta,4/11/2016
103,Reinaldos Kilshall,3/12/1951,rkilshallg1@360.cn,66581.4,Support,Oefatu,10/26/2017
103,Matthus Chippendale,9/9/2008,mchippendaleg2@studiopress.com,53502.61,Human Resources,Chaihu,2/11/2013
103,Darelle Asple,3/3/1966,daspleg3@msn.com,50278.67,Research and Development,Yerazgavors,6/23/2013
102,Prudence Ebbin,12/29/1974,pebbing4@goodreads.com,63890.71,Marketing,Badulla,5/5/2015
105,Ariela Pieroni,7/3/2010,apieronig5@jugem.jp,61656.44,Engineering,Pineleng,11/7/2015
101,Eulalie Wigfield,3/29/1991,ewigfieldg6@infoseek.co.jp,55394.56,Research and Development,Raša,3/10/2011
105,Ruthi Tierney,10/13/1992,rtierneyg7@yandex.ru,58771.34,Research and Development,Jacaltenango,9/21/2016
101,Jasen Westraw,2/13/2008,jwestrawg8@bravesites.com,52318.63,Business Development,Sv. Trojica v Slov. Goricah,9/9/2016
104,Vidovik Coulman,4/27/1967,vcoulmang9@clickbank.net,49933.59,Research and Development,Rancabolang,12/20/2014
101,Gustav Rickcord,5/14/1950,grickcordga@google.com.au,45722.93,Human Resources,Kaliasin,1/4/2011
101,Frasquito Bromehed,11/22/1955,fbromehedgb@etsy.com,57798.04,Product Management,Vạn Giã,6/26/2015
104,Agata Caraher,6/20/1966,acarahergc@miitbeian.gov.cn,64663.93,Services,Dresden,7/20/2010
101,Dario Murfett,6/24/1964,dmurfettgd@purevolume.com,49545.8,Marketing,Waldbillig,11/30/2011
101,Ezequiel Lowrey,12/1/1968,elowreyge@meetup.com,58254.19,Support,Rajsko,5/31/2012
101,Winna Harrigan,6/7/1959,wharrigangf@studiopress.com,46757.94,Business Development,Now Zād,10/30/2011
101,Brock Akett,6/28/1954,bakettgg@dmoz.org,59223.49,Product Management,Nglengkir,3/23/2016
105,Aldwin Basini-Gazzi,9/29/1966,abasinigazzigh@simplemachines.org,60405.07,Support,Mossoró,8/6/2018
101,Basia Brennon,7/15/1970,bbrennongi@tmall.com,54177.9,Services,Baiju,12/18/2012
101,Hyacinthe Scrase,12/28/1965,hscrasegj@canalblog.com,60971.38,Engineering,Currais Novos,1/11/2015
102,Lorenzo Cosham,9/22/1985,lcoshamgk@google.nl,68653.35,Sales,Shchëkino,1/23/2013
103,Johnny Dottrell,11/12/1960,jdottrellgl@bbc.co.uk,56574.77,Human Resources,Chendong,7/10/2010
101,Nikki O'Shiels,1/31/2012,noshielsgm@scribd.com,53499.28,Engineering,Marsa Alam,6/2/2011
101,Corrie Sutcliff,1/27/1978,csutcliffgn@woothemes.com,53110.45,Product Management,Pelileo,3/17/2014
105,Trev Cardero,5/22/1950,tcarderogo@mayoclinic.com,50642.53,Support,Aygezard,8/5/2017
101,Brewster Latta,7/14/1987,blattagp@printfriendly.com,67366.23,Business Development,Chợ Gạo,2/26/2011
105,Rodolph Gallardo,4/19/2001,rgallardogq@pen.io,55595.13,Legal,Mashiko,7/31/2012
104,Leanna Rhead,2/9/1989,lrheadgr@so-net.ne.jp,65510.29,Support,Almaguer North,10/4/2016
104,Adrienne Spinney,9/19/1952,aspinneygs@bloomberg.com,45490.35,Training,Ampeleíes,4/9/2014
105,Shawna Dearle,9/24/2006,sdearlegt@blogtalkradio.com,63280.18,Human Resources,Yangkou,8/4/2018
104,Arabele Dottridge,9/25/1988,adottridgegu@over-blog.com,61041.91,Research and Development,Ocuviri,9/30/2010
101,Abdul Stopps,3/11/2007,astoppsgv@state.gov,51560.07,Training,Ruilin,1/11/2013
105,Israel Skillen,12/13/1952,iskillengw@istockphoto.com,52839.79,Human Resources,Agua Fría,11/10/2012
103,Cad Charlo,3/14/1989,ccharlogx@eventbrite.com,49847.99,Support,Dagui,3/6/2017
102,Xymenes Ionesco,6/19/1982,xionescogy@usgs.gov,48539.71,Engineering,Grugul,11/25/2017
101,Joletta Dumpleton,6/3/1998,jdumpletongz@pinterest.com,59850.71,Human Resources,Hatu Buh,10/7/2016
103,Dagmar Carrington,11/16/1974,dcarringtonh0@seesaa.net,48295.51,Accounting,Wuyun,5/21/2011
105,Joyous Tregale,4/8/1986,jtregaleh1@google.ru,49749.85,Legal,Lalig,10/21/2012
103,Caril Syfax,1/4/1963,csyfaxh2@freewebs.com,58357.43,Training,Sobral da Adiça,10/14/2013
103,Phillipp Blackmore,2/6/2007,pblackmoreh3@slashdot.org,45350.64,Business Development,Ipirá,10/1/2017
101,Arleen Devo,8/30/1978,adevoh4@booking.com,66789.76,Legal,Pār Naogaon,3/2/2010
105,Nester Gobell,10/25/1969,ngobellh5@geocities.com,69520.61,Accounting,Sumber Tengah,5/29/2012
105,Oran Luppitt,2/5/2009,oluppitth6@skype.com,45953.8,Human Resources,Jitan,4/4/2013
102,Mikaela Lintin,9/3/1958,mlintinh7@bravesites.com,55568.99,Business Development,Bagacay,6/2/2013
103,Aube Verillo,11/1/1981,averilloh8@dmoz.org,61396.83,Services,Pul-e Sangī,7/12/2015
105,Haily Schoffel,2/4/1977,hschoffelh9@usnews.com,45611.95,Marketing,Sremska Mitrovica,2/19/2012
103,Anna Cutford,8/26/1974,acutfordha@miitbeian.gov.cn,56733.67,Business Development,Zhuhu,5/1/2017
102,Ernesta Utterson,3/31/1996,euttersonhb@photobucket.com,58807.59,Training,Kuching,9/29/2010
101,Orel Bewlay,4/27/1951,obewlayhc@creativecommons.org,52797.57,Human Resources,Guarujá,3/22/2018
101,Hermina Abbis,5/1/1954,habbishd@github.com,56426.42,Training,Chantal,3/30/2013
102,Emmett MacAloren,3/28/1955,emacalorenhe@washington.edu,47508.22,Product Management,Babakan,7/1/2018
103,Shea Simenot,9/13/1993,ssimenothf@tripadvisor.com,69093.07,Services,Qalqaman,9/12/2018
102,Nathanial Tombling,12/29/1952,ntomblinghg@deviantart.com,67062.98,Sales,Igarassu,3/27/2013
104,Rois Windeatt,10/20/1972,rwindeatthh@sogou.com,53923.33,Accounting,Zahedan,8/6/2018
102,Kandy Claxson,8/26/1957,kclaxsonhi@mediafire.com,57171.14,Product Management,Uścimów Stary,8/8/2012
102,Fernandina O'Loghlen,1/9/1965,fologhlenhj@altervista.org,50713.53,Legal,Ḩalḩūl,7/3/2016
104,Hannie Chape,1/2/1963,hchapehk@squarespace.com,68027.48,Accounting,Jinhua,7/10/2011
103,Fancy Dyster,5/22/1980,fdysterhl@vkontakte.ru,48883.09,Support,Krông Kmar,11/8/2016
103,Pris Monnoyer,12/10/1975,pmonnoyerhm@dailymail.co.uk,53390.47,Training,Yangji,5/27/2010
103,Gilly O' Cloney,6/5/1966,gohn@e-recht24.de,53463.13,Sales,Novi Vinodolski,3/6/2017
105,Gae Bachmann,11/20/1999,gbachmannho@delicious.com,67410.42,Legal,Angra dos Reis,9/25/2014
103,Allayne Manners,12/19/1979,amannershp@businessinsider.com,47383.48,Support,Beicang,12/5/2016
105,Persis Margerison,11/8/2006,pmargerisonhq@disqus.com,46549.21,Accounting,Lyamino,9/10/2018
102,Staci Dzeniskevich,8/18/1976,sdzeniskevichhr@ask.com,56901.5,Human Resources,Ferraria,2/27/2017
102,Tabatha Shewry,2/17/1957,tshewryhs@google.com.br,47019.44,Marketing,Liqi,8/11/2015
104,Ashley Simonou,3/3/1976,asimonouht@constantcontact.com,52443.45,Business Development,Yershov,10/28/2010
102,Ettie Blinckhorne,4/16/2008,eblinckhornehu@desdev.cn,65291.36,Marketing,Trzcinica,8/3/2018
105,Damon Brimfield,12/29/1973,dbrimfieldhv@reddit.com,63504.85,Support,Chợ Mới,7/9/2018
105,Nancee Leare,5/26/1997,nlearehw@nytimes.com,69136.71,Research and Development,Genting,12/10/2017
105,Essa Jammes,10/28/2009,ejammeshx@usda.gov,66522.05,Research and Development,Pozo Hondo,1/6/2011
103,Kitty Goodnow,3/30/1996,kgoodnowhy@about.com,54038.82,Business Development,Kendari,9/15/2014
101,Aluino Mepham,7/5/1961,amephamhz@cnn.com,48854.22,Engineering,Otavi,7/30/2015
104,Beatrisa Pietrzyk,10/2/1967,bpietrzyki0@ask.com,50977.78,Accounting,Takari,11/18/2018
102,Anabelle Packe,11/2/1984,apackei1@yahoo.com,59714.58,Business Development,San Francisco Zapotitlán,8/1/2012
104,Bendick Iacobini,12/22/1950,biacobinii2@cyberchimps.com,66449.11,Human Resources,Kulary,12/20/2015
105,Irvine Inkin,10/7/1990,iinkini3@washingtonpost.com,50537.3,Sales,Debre Tabor,12/31/2010
101,Sheffield Ardern,10/2/1997,sarderni4@pagesperso-orange.fr,64144.07,Business Development,Rychvald,5/9/2017
101,Tedd Hannent,9/21/1986,thannenti5@so-net.ne.jp,62438.7,Services,Bouarouss,11/23/2011
101,Lenette Kincey,3/30/1964,lkinceyi6@multiply.com,60693.55,Human Resources,Jiandou,6/25/2011
101,Gal Trazzi,7/13/1962,gtrazzii7@timesonline.co.uk,56874.88,Sales,Krasne,8/26/2014
103,Lindsey Kollach,12/18/2001,lkollachi8@netlog.com,48056.08,Legal,Besançon,10/19/2010
103,Addy Gilli,3/13/1991,agillii9@utexas.edu,66607.55,Research and Development,Kongoussi,6/3/2016
101,Reggis O'Drought,2/23/1977,rodroughtia@drupal.org,50625.74,Accounting,Osiek,9/28/2014
103,Tally Goodright,4/27/2011,tgoodrightib@4shared.com,51636.91,Business Development,Oporapa,1/21/2012
102,Maurizio Bennoe,7/31/2003,mbennoeic@liveinternet.ru,67420.64,Legal,La Sabana,2/19/2018
101,Randy Cassy,8/3/1963,rcassyid@bbc.co.uk,54488.81,Legal,Pravdinsk,1/28/2010
104,Barby Beccles,1/20/1984,bbecclesie@fotki.com,47990.2,Support,Chunhu,8/26/2017
102,Laurice Pooke,5/24/1963,lpookeif@loc.gov,57631.76,Support,Camino Real,7/25/2013
104,Pasquale Allard,9/11/1980,pallardig@list-manage.com,61983.45,Legal,Banaybanay,2/27/2018
103,Phillip Scaddon,1/28/1989,pscaddonih@woothemes.com,53230.15,Support,Porirua,12/8/2017
104,Mia Childerhouse,3/15/1959,mchilderhouseii@vinaora.com,65707.34,Engineering,Reims,7/6/2015
102,Gloria Scurman,10/28/1980,gscurmanij@eepurl.com,58347.76,Services,Guararapes,3/19/2010
101,Gwenneth Snoden,6/23/1953,gsnodenik@constantcontact.com,50095.11,Services,Bromma,10/17/2017
101,Jackquelin Mc Ilwrick,7/28/1986,jmcil@japanpost.jp,51869.1,Engineering,Canoas,5/13/2014
105,Barbi Chipman,4/2/1951,bchipmanim@samsung.com,63586.84,Services,San Jacinto,11/6/2013
105,Gaby Fidgin,10/31/2008,gfidginin@opensource.org,46305.91,Support,Jimusa’er,2/16/2010
105,Heath Trout,12/27/1984,htroutio@ebay.com,69734.01,Human Resources,Kiukainen,5/14/2013
105,Malynda Dowse,1/28/1975,mdowseip@freewebs.com,69194.29,Sales,Пласница,6/18/2013
103,Joella Sondon,11/6/2000,jsondoniq@cbslocal.com,62271.54,Product Management,Bouças,4/1/2012
102,Susannah Jeandillou,8/25/1991,sjeandillouir@jimdo.com,62845.89,Business Development,Bashtanka,3/25/2010
104,Ardine Schankelborg,3/27/1975,aschankelborgis@reuters.com,66765.19,Product Management,Tulay na Lupa,9/30/2011
103,Joice McComiskie,2/2/1957,jmccomiskieit@opensource.org,48714.84,Training,Itajaí,10/26/2011
103,Bernie Swatridge,9/5/2011,bswatridgeiu@purevolume.com,63524.97,Engineering,Setonokalong,8/22/2017
104,Ollie Shillabeare,7/10/2009,oshillabeareiv@statcounter.com,64935.86,Support,Saint-Quentin-en-Yvelines,6/10/2011
102,Bailey Zanussii,12/7/1962,bzanussiiiw@arstechnica.com,62137.05,Engineering,Naḥf,10/13/2013
104,Nelie Gohn,6/3/1999,ngohnix@xrea.com,59342.21,Training,Leńcze,6/22/2014
101,Tanner Pimlock,4/7/1972,tpimlockiy@forbes.com,49900.75,Engineering,Đắk Glei,6/27/2017
103,Pietro Barck,1/19/1953,pbarckiz@ovh.net,69439.63,Business Development,Saeul,5/10/2010
103,Allyn Laughrey,12/22/1954,alaughreyj0@ehow.com,56544.11,Services,Choca do Mar,12/8/2017
105,Willey Dobsons,5/7/1964,wdobsonsj1@gnu.org,55146.39,Human Resources,Jeremoabo,1/17/2015
103,Elmore Slaght,10/18/1982,eslaghtj2@webs.com,48171.93,Services,Huanggang,9/19/2015
102,Eustacia Vinecombe,2/4/1959,evinecombej3@vinaora.com,64910.58,Research and Development,Jiujianfang,4/2/2018
101,Ashlan Flello,10/25/1999,aflelloj4@salon.com,52979.72,Human Resources,Fangyan,6/28/2012
105,Heida Gillatt,4/14/1995,hgillattj5@europa.eu,47738.97,Product Management,Casais de Revelhos,8/5/2013
102,Katheryn Glazzard,4/25/2006,kglazzardj6@privacy.gov.au,55264.61,Sales,Gävle,6/17/2015
101,Hakim Bosquet,12/30/1997,hbosquetj7@moonfruit.com,59366.57,Marketing,Muramvya,12/7/2018
105,Myrwyn Ilyinykh,8/16/1973,milyinykhj8@macromedia.com,48742.6,Marketing,Syevyerodonets’k,3/7/2017
102,Gabie Watsham,12/11/1960,gwatshamj9@bandcamp.com,45262.92,Accounting,Dubá,5/15/2017
102,Bobbi Knewstub,11/20/2006,bknewstubja@techcrunch.com,56097.56,Human Resources,Adámas,6/20/2013
104,Henry Slemming,7/19/1953,hslemmingjb@seattletimes.com,53078.09,Marketing,Borås,7/10/2016
105,Valeria Scraney,7/23/1983,vscraneyjc@google.it,45925.67,Engineering,Kuala Lumpur,10/8/2014
101,Terese Grenville,11/23/1964,tgrenvillejd@tinyurl.com,67739.0,Sales,Pongkor,3/13/2018
101,Julia Wakelam,4/1/1990,jwakelamje@miitbeian.gov.cn,48319.6,Business Development,Araras,3/17/2012
105,Brande Laurentin,2/2/1972,blaurentinjf@barnesandnoble.com,62808.08,Engineering,Sambongmulyo,10/3/2013
101,Ramsey Bicker,7/19/1956,rbickerjg@sfgate.com,51703.45,Legal,Cibalung,11/5/2011
104,Bryn Esposi,7/10/2005,besposijh@nba.com,51497.74,Marketing,Helsingborg,1/9/2013
102,Dory Avraham,11/28/2004,davrahamji@feedburner.com,57423.94,Research and Development,Osilnica,4/18/2010
101,Glenn Bulch,12/7/1962,gbulchjj@netscape.com,57396.86,Legal,Al Khafsah,10/1/2017
102,Sashenka Glawsop,9/26/1988,sglawsopjk@google.co.jp,60252.32,Product Management,P’rimorsk’oe,11/12/2012
104,Pennie Deuss,2/11/1984,pdeussjl@yandex.ru,53066.7,Business Development,Telbang,11/28/2010
101,Rolf Daviot,5/19/1977,rdaviotjm@mysql.com,46907.23,Legal,Krasnokamensk,12/12/2011
102,Silvan Seneschal,6/15/1966,sseneschaljn@buzzfeed.com,55638.33,Product Management,Ciampea,3/12/2015
102,Mario Lintott,8/5/1971,mlintottjo@java.com,45832.36,Legal,Al Wuday‘,9/14/2015
102,Sunny Annis,8/26/1991,sannisjp@mapquest.com,60335.6,Engineering,San Pedro,10/26/2012
101,Eliot Forsythe,6/22/1980,eforsythejq@kickstarter.com,60376.2,Sales,Bergville,10/13/2018
102,Marsha Cesconi,11/28/1989,mcesconijr@amazonaws.com,48725.43,Marketing,Tongjin,4/2/2018
105,Cairistiona Paull,10/14/2010,cpaulljs@hp.com,56471.42,Human Resources,Cergy-Pontoise,6/2/2010
101,Ingrid Labin,11/18/1996,ilabinjt@examiner.com,59491.12,Training,Xigangzi,1/22/2015
101,Vincenz Aldin,12/24/1965,valdinju@istockphoto.com,65261.62,Engineering,Jaleswar,2/6/2010
101,Myrwyn McClaurie,4/15/1981,mmcclauriejv@skyrock.com,47168.57,Training,Liushikou,11/7/2016
103,Tarrance Staneland,12/21/2009,tstanelandjw@1und1.de,52921.99,Services,Xiniu,1/19/2011
102,Eugenio Capper,11/1/1959,ecapperjx@so-net.ne.jp,65554.52,Support,Betaf,8/24/2017
102,Orlan Stoddart,3/25/2009,ostoddartjy@ocn.ne.jp,46839.1,Business Development,Inđija,12/8/2014
103,Zora Moscone,10/1/2012,zmosconejz@bloomberg.com,67466.58,Engineering,Sunbu,3/5/2017
103,Aeriela Vase,4/3/2001,avasek0@si.edu,66049.33,Sales,Lang,2/26/2016
104,Marabel Pollack,12/25/1965,mpollackk1@sphinn.com,67717.16,Accounting,Daruoyan,8/14/2012
104,Hammad Sissland,2/21/1993,hsisslandk2@issuu.com,53482.61,Services,Nelahozeves,9/25/2014
103,Hally Chatain,8/13/1964,hchataink3@hc360.com,52787.18,Engineering,Tangerang,6/12/2013
102,Rana Rennix,11/23/1995,rrennixk4@smugmug.com,48301.99,Services,Janiuay,5/8/2014
102,Cale Canniffe,2/14/2001,ccanniffek5@seesaa.net,58659.23,Services,Vel’sk,4/1/2014
104,Urbain Celli,9/21/2001,ucellik6@vistaprint.com,45952.7,Sales,Kampánis,12/21/2011
102,Mia Clemas,11/13/2005,mclemask7@vistaprint.com,49964.29,Support,Caotang,10/17/2017
101,Lyndel Breinl,10/6/1956,lbreinlk8@istockphoto.com,50523.74,Human Resources,Tembau,4/7/2011
105,Jaclyn Braams,11/19/1967,jbraamsk9@cargocollective.com,45775.69,Product Management,Babakanbandung,2/15/2012
101,Alisha Bartosik,5/9/1955,abartosikka@noaa.gov,61127.68,Marketing,Dukhovshchina,3/17/2011
103,Kristy Blasetti,1/18/1965,kblasettikb@upenn.edu,63234.8,Support,Ubatã,5/15/2015
101,Lanae Trow,4/20/1989,ltrowkc@smh.com.au,49656.55,Product Management,Mendes,9/3/2012
102,Symon Halloran,9/1/1980,shallorankd@dropbox.com,45031.16,Accounting,Bebekan,6/28/2011
102,Zahara Churching,1/25/1960,zchurchingke@i2i.jp,55237.59,Business Development,Stuttgart,6/21/2014
101,Brigitta Forrest,8/22/1952,bforrestkf@hhs.gov,48062.42,Engineering,Gantang,5/4/2018
101,Alanson Pudding,10/14/1951,apuddingkg@google.ca,65655.07,Product Management,Vrbice,11/3/2012
104,Rosco Fieldgate,5/22/1978,rfieldgatekh@ycombinator.com,66872.46,Engineering,Shishan,12/19/2018
102,Tracy Berrie,2/4/1986,tberrieki@yale.edu,51906.76,Training,Kaga Bandoro,5/19/2016
103,Ricca Stubbeley,2/5/2007,rstubbeleykj@opera.com,60273.64,Engineering,Bonsari,9/14/2010
105,Korney Crosswaite,5/24/2009,kcrosswaitekk@netlog.com,47914.14,Engineering,Jinping,9/29/2015
101,Imojean McGuirk,3/8/1981,imcguirkkl@wikimedia.org,55772.64,Legal,Jatisari,11/11/2011
101,Florenza Poveleye,3/8/1988,fpoveleyekm@sfgate.com,55054.39,Legal,Whittlesea,10/27/2012
105,Galen Whiley,5/26/1985,gwhileykn@theguardian.com,55709.92,Research and Development,Tatebal,6/7/2010
103,Blair Scroggins,7/11/1960,bscrogginsko@tmall.com,63340.03,Legal,Jorong,9/22/2012
101,Nikos Fulop,11/29/1968,nfulopkp@hao123.com,64192.67,Marketing,El Águila,2/8/2010
103,Kris Brabbs,12/20/1960,kbrabbskq@flickr.com,59373.84,Business Development,Ñuñoa,5/16/2015
102,Merry Hellwig,6/18/1961,mhellwigkr@hugedomains.com,50620.39,Legal,Tulsa,5/18/2011
103,Monique Coonan,8/21/1962,mcoonanks@de.vu,49824.52,Training,Quyangqiao,9/5/2012
105,Gerhardt Comelli,7/13/1977,gcomellikt@ca.gov,68299.21,Legal,Plan de Ayala,6/24/2015
103,Dorise Jedrzaszkiewicz,3/15/1956,djedrzaszkiewiczku@wikimedia.org,63165.02,Business Development,Penglai,5/6/2014
105,Marney Lefley,12/14/1987,mlefleykv@meetup.com,45703.3,Product Management,Hà Đông,10/15/2012
105,Jonah Bodham,6/12/1970,jbodhamkw@nationalgeographic.com,56926.72,Sales,Detroit,8/6/2015
105,Cad Apted,4/29/1964,captedkx@theglobeandmail.com,57783.41,Accounting,Olyka,4/7/2016
102,Amos Wrenn,1/28/1994,awrennky@webmd.com,68431.03,Product Management,Sembon,8/24/2010
104,Tisha covino,8/9/2006,tcovinokz@biblegateway.com,57758.17,Human Resources,Causip,4/15/2017
104,Nelly Lightman,10/24/2008,nlightmanl0@engadget.com,69983.0,Training,Zhouji,3/11/2017
101,Gina Penhale,3/4/1964,gpenhalel1@typepad.com,52068.54,Training,Daojiang,7/24/2012
102,Karleen Rowena,3/25/1981,krowenal2@histats.com,56630.83,Support,Desa Margaluyu,1/19/2014
104,Blake Mongin,3/28/1982,bmonginl3@cnbc.com,63028.73,Accounting,Xinyang,4/15/2014
102,Joelie Houltham,2/16/1971,jhoulthaml4@arizona.edu,67322.0,Product Management,Tinogasta,4/29/2012
104,Chariot Rewcassell,1/17/1998,crewcasselll5@themeforest.net,66661.93,Human Resources,Issy-les-Moulineaux,1/21/2012
105,De Heersma,5/19/1961,dheersmal6@google.ru,54389.83,Research and Development,Diadema,6/10/2014
101,Carlota Iannini,9/12/2009,cianninil7@usda.gov,64586.27,Engineering,San Agustin,5/6/2012
101,Chastity Haswall,9/25/2000,chaswalll8@about.com,57652.13,Accounting,Stanisław Dolny,7/6/2013
103,Vidovik Ikringill,9/11/1997,vikringilll9@bizjournals.com,69512.88,Human Resources,Kamenka,7/1/2012
102,Hewe McPhail,2/22/1975,hmcphailla@ebay.co.uk,49953.37,Research and Development,Guarapuava,6/20/2014
102,Julianna Olivas,1/15/2007,jolivaslb@github.com,60144.52,Marketing,Sukarame,1/10/2018
105,Jase Rickersy,8/16/1963,jrickersylc@unicef.org,49808.25,Services,Hengzhou,1/9/2016
103,Gary Jedrzejczak,8/19/1956,gjedrzejczakld@whitehouse.gov,68366.56,Marketing,Consolación del Sur,5/19/2012
101,Dante Wallentin,3/13/1975,dwallentinle@uiuc.edu,60069.71,Marketing,Hellevoetsluis,5/30/2013
102,Nicolle Chicotti,7/2/1957,nchicottilf@businessweek.com,57809.45,Marketing,Shuiji,2/20/2012
105,Calida MacGiffin,8/31/1950,cmacgiffinlg@cbsnews.com,56336.69,Training,Jinshiqiao,11/27/2014
103,Berna Simonini,12/31/2006,bsimoninilh@netscape.com,61050.56,Accounting,Heping,11/3/2012
104,Noble Doding,4/1/1950,ndodingli@nsw.gov.au,48002.83,Human Resources,Kotabumi,12/3/2017
101,Nikki Kahane,3/7/2002,nkahanelj@discovery.com,65713.03,Sales,Zwolle,11/17/2017
101,Moyra ducarme,11/29/1954,mducarmelk@shareasale.com,47565.56,Accounting,Wanying,12/28/2016
101,Maudie Bounde,11/29/2004,mboundell@wix.com,68868.01,Product Management,Ngurore,3/3/2012
104,Allie Tapley,3/13/1995,atapleylm@nydailynews.com,62778.09,Engineering,Huangzhou,3/21/2011
101,Trudi Caplin,11/29/1999,tcaplinln@altervista.org,48342.81,Engineering,Ārt Khwājah,3/27/2018
105,Hyman Doghartie,8/8/2012,hdoghartielo@google.pl,45993.52,Business Development,Langkaplancar,5/27/2011
101,Timothea Sickamore,8/14/2011,tsickamorelp@bravesites.com,52599.62,Training,Pontinha,11/26/2017
102,Obediah Cluckie,6/22/1985,ocluckielq@deviantart.com,57730.85,Research and Development,Yevpatoriya,2/7/2018
103,Giraud Plaide,6/27/1950,gplaidelr@techcrunch.com,51312.96,Sales,Uychi,8/22/2014
102,Nessi Buten,6/10/1954,nbutenls@spiegel.de,49685.88,Product Management,Hexiangqiao,2/17/2016
105,Minerva Rape,8/2/2000,mrapelt@cafepress.com,50454.72,Product Management,Motala,3/12/2015
103,Daloris Euels,3/3/1997,deuelslu@flavors.me,65704.73,Engineering,Nanyang,5/10/2010
103,Mar Coughtrey,8/17/1989,mcoughtreylv@bloomberg.com,63830.52,Legal,Ekibastuz,2/10/2018
102,Kalli Knappen,12/4/1971,kknappenlw@europa.eu,69734.91,Engineering,Shevchenkove,12/15/2017
104,Mic Moar,9/17/1981,mmoarlx@bigcartel.com,60620.35,Product Management,Madrid,11/10/2016
101,Coreen Paradyce,9/18/1968,cparadycely@newsvine.com,60941.97,Legal,Töreboda,6/20/2011
101,Van Kaemena,8/23/1992,vkaemenalz@tripod.com,58872.07,Research and Development,Urachiche,9/15/2010
104,Shepherd Howman,7/5/1954,showmanm0@disqus.com,60199.62,Engineering,Novhorod-Sivers’kyy,12/24/2018
105,Cross Rainsdon,6/17/1960,crainsdonm1@pinterest.com,46807.38,Accounting,Sigma,5/23/2017
105,Joye Bernardos,7/27/1973,jbernardosm2@dot.gov,52598.92,Services,Wiskitki,5/18/2015
101,Isadora Toone,9/4/2002,itoonem3@nature.com,46945.45,Legal,Áno Liósia,8/23/2013
101,Antonie De Biasi,6/23/1964,adem4@goodreads.com,62269.63,Legal,Sri Jayewardenepura Kotte,1/19/2017
102,Jenifer Chimes,10/15/1967,jchimesm5@g.co,62933.94,Engineering,Barreira,5/25/2016
103,Stanwood Benns,8/28/1981,sbennsm6@pcworld.com,49775.68,Business Development,Jieduo,6/30/2014
105,Dela Prenty,11/26/1994,dprentym7@gravatar.com,65290.76,Sales,Xiamujiao,3/28/2010
103,Ali Molian,1/31/1986,amolianm8@smugmug.com,52446.74,Human Resources,Lavaur,10/21/2010
105,Jayson Garnett,6/14/2012,jgarnettm9@biblegateway.com,45147.83,Business Development,Guadalupe,5/5/2017
105,Filberto Westmacott,12/23/1951,fwestmacottma@state.gov,63760.0,Accounting,Santa Catalina,6/7/2013
104,Nanny Serfati,1/20/1981,nserfatimb@foxnews.com,54960.82,Legal,Tuba,11/4/2010
104,Cloe Swane,9/16/1952,cswanemc@princeton.edu,48366.29,Research and Development,Okinawa Número Uno,4/18/2011
104,Giffard Ayshford,6/30/2005,gayshfordmd@nps.gov,61649.38,Training,Charlotte Amalie,8/2/2017
101,Stavros Yole,4/10/2007,syoleme@dailymotion.com,46068.5,Human Resources,Leer,4/25/2011
102,Skipton Badman,11/23/1965,sbadmanmf@cocolog-nifty.com,58356.23,Human Resources,Studzionka,10/30/2017
105,Wilhelmine Briton,7/22/1952,wbritonmg@simplemachines.org,56617.87,Product Management,Kuching,5/24/2015
105,Irma Evill,6/5/1950,ievillmh@ezinearticles.com,46914.55,Engineering,Weixin,2/7/2012
105,Bobbe Pietruszka,3/9/1962,bpietruszkami@google.nl,65536.35,Business Development,Laixi,1/23/2011
101,Dulcie Boyford,5/15/1981,dboyfordmj@google.com.hk,64576.95,Services,Taltal,11/20/2011
104,Dyana Preon,1/21/1966,dpreonmk@scribd.com,55640.01,Product Management,Pasar Kulon,12/26/2012
101,Freddi Pittson,3/16/1978,fpittsonml@alexa.com,49470.07,Training,Qazax,9/23/2011
102,Denney Mynett,7/12/2006,dmynettmm@themeforest.net,66180.94,Accounting,Stockholm,7/29/2017
105,Cheryl Bizzey,5/9/1975,cbizzeymn@wikipedia.org,54927.4,Sales,Gitega,12/21/2016
104,Ad Wombwell,2/22/1992,awombwellmo@bravesites.com,56666.38,Sales,Qianzhou,10/2/2016
103,Patten Dearnaly,6/17/1979,pdearnalymp@google.ru,69242.8,Sales,Sansheng,7/9/2010
102,Nikaniki Langrick,12/16/1953,nlangrickmq@cisco.com,49164.97,Services,Oslo,2/23/2015
101,Shela Lagne,1/28/1976,slagnemr@amazon.co.jp,66324.16,Business Development,Daminggong,6/9/2014
101,Shea Toten,11/17/2004,stotenms@who.int,57306.83,Engineering,Nador,6/24/2018
105,Jasper Rother,3/22/1994,jrothermt@gravatar.com,50627.61,Business Development,Poitiers,7/23/2015
101,Francois Stroobant,2/19/1966,fstroobantmu@1und1.de,58980.39,Human Resources,Värnamo,5/11/2015
102,Margeaux Ixer,8/5/1955,mixermv@t-online.de,60257.93,Sales,Kukur,9/23/2012
102,Nessi Mothersdale,11/30/1956,nmothersdalemw@joomla.org,50436.46,Accounting,Ocucaje,1/24/2015
101,Caldwell Schofield,10/9/1973,cschofieldmx@skyrock.com,56957.09,Marketing,Zaragoza,6/7/2012
105,Willa Rantoul,7/6/1966,wrantoulmy@ycombinator.com,64183.44,Product Management,Kota Kinabalu,8/14/2011
103,Caron Lissemore,9/21/2011,clissemoremz@cafepress.com,63396.44,Product Management,Visby,11/1/2013
102,Rochell Bertl,5/4/1970,rbertln0@blogspot.com,51998.47,Training,Moyynkum,4/14/2010
105,Cynthy Grigoryev,10/30/1987,cgrigoryevn1@accuweather.com,61490.26,Human Resources,Telangi Satu,11/21/2016
104,Hewie Geator,7/15/1955,hgeatorn2@weather.com,62662.95,Research and Development,Gamboula,8/14/2011
105,Julia Yearns,1/16/1968,jyearnsn3@wp.com,50571.79,Legal,Pangrumasan,12/8/2010
105,Debra Sadgrove,8/30/1973,dsadgroven4@ning.com,50610.7,Human Resources,Mīrwāh Gorchani,7/23/2010
103,Barbey Wonter,12/31/1982,bwontern5@smugmug.com,47274.37,Marketing,Polonnaruwa,1/13/2014
101,Jacky Mardell,12/25/1950,jmardelln6@omniture.com,59042.87,Business Development,Sukaratu,12/14/2010
104,Urban Edgeon,6/24/1972,uedgeonn7@cmu.edu,46551.68,Legal,Cemplang,7/26/2017
104,Jeth Lorenc,9/24/2004,jlorencn8@studiopress.com,50288.95,Support,Dolores,6/17/2014
104,Craggie O'Lyhane,7/12/1964,colyhanen9@geocities.jp,61006.63,Training,Ouésso,6/9/2012
103,Coreen McCahill,8/25/1991,cmccahillna@sina.com.cn,67010.31,Engineering,Novocheboksarsk,7/26/2011
104,Janka Lovick,10/14/1952,jlovicknb@zdnet.com,64979.65,Sales,Yanglin,1/26/2011
101,Candice Lindroos,2/2/1961,clindroosnc@edublogs.org,66555.07,Services,Cleveland,10/18/2015
104,Vicki Cockram,3/5/2006,vcockramnd@php.net,46085.02,Product Management,Philadelphia,6/24/2017
103,Anthony Binnes,3/13/1989,abinnesne@paginegialle.it,67479.89,Accounting,Sambiyan,5/15/2013
102,Bunni Tully,6/5/2001,btullynf@answers.com,69504.34,Legal,Yima,3/10/2011
104,Michaela Zanetto,7/9/1990,mzanettong@elpais.com,69986.84,Support,Biankouma,2/2/2010
101,Marrissa Balas,5/2/1997,mbalasnh@opensource.org,67422.75,Business Development,Orvalho,9/3/2013
104,Harbert Kacheller,6/18/1972,hkachellerni@sakura.ne.jp,64860.76,Services,Jianyangping,3/29/2017
104,Clevey Crookall,11/26/1983,ccrookallnj@hibu.com,65820.46,Services,Maranura,10/18/2014
101,Ernaline Klulicek,5/3/1960,ekluliceknk@geocities.com,54977.59,Product Management,Xibin,5/30/2015
103,Natala Tegeller,8/18/1960,ntegellernl@edublogs.org,54051.64,Product Management,Kissónerga,12/30/2016
103,Reamonn Rickert,3/27/2000,rrickertnm@wikipedia.org,66516.94,Legal,Utena,1/9/2012
101,Loella Rudall,7/21/2010,lrudallnn@archive.org,60505.18,Product Management,Vân Tùng,9/8/2016
105,Luciana Iacomi,12/23/1998,liacomino@example.com,65905.32,Legal,Losari,1/13/2010
102,Godfrey Filchagin,8/3/2010,gfilchaginnp@businesswire.com,59816.85,Support,Fkih Ben Salah,10/1/2015
101,Rozella Attewell,8/27/1974,rattewellnq@house.gov,68092.69,Sales,Pantaihambawang,2/23/2013
105,Isa Bockin,12/10/1957,ibockinnr@bizjournals.com,51987.3,Accounting,Benito Juarez,11/14/2011
103,Seana Scrace,8/10/1992,sscracens@harvard.edu,45665.94,Marketing,Colcabamba,6/8/2011
105,Willdon Petters,6/19/1994,wpettersnt@csmonitor.com,47915.67,Training,Bella Vista,5/31/2012
102,Cordy Gipp,3/5/1990,cgippnu@yelp.com,59702.45,Services,La Ferté-Bernard,12/5/2017
101,Nellie Label,2/16/1975,nlabelnv@indiatimes.com,54372.07,Business Development,Paris La Défense,6/24/2015
103,Peyton Yeulet,8/29/2000,pyeuletnw@businesswire.com,47740.07,Human Resources,Hongmei,5/21/2017
105,Meier Piffe,5/26/1991,mpiffenx@marriott.com,49593.68,Training,Bergville,6/28/2013
101,Charil Balffye,7/30/1990,cbalffyeny@dot.gov,65752.01,Sales,Alofi,9/25/2016
103,Che Gadson,1/17/1958,cgadsonnz@aol.com,53688.06,Product Management,Markópoulo,8/15/2018
104,Frasquito Flinders,6/17/1977,fflinderso0@domainmarket.com,52862.08,Human Resources,Beopwon,8/21/2017
103,Nari Gilogly,12/13/1968,ngiloglyo1@hud.gov,56129.07,Marketing,Acomayo,3/30/2015
102,Salomo Ingerson,10/15/1961,singersono2@cbsnews.com,52775.83,Marketing,Villefranche-sur-Saône,2/4/2015
102,Jayson Popping,12/17/1970,jpoppingo3@dailymotion.com,57790.06,Support,Ankou,1/22/2012
105,Sidonnie Adel,1/17/1962,sadelo4@live.com,47712.61,Human Resources,Anyuan,8/5/2016
104,Vania Enns,3/28/1977,vennso5@fc2.com,47491.43,Accounting,Ḩuraytān,10/22/2012
105,Fritz Perot,5/20/1962,fperoto6@constantcontact.com,60777.25,Engineering,Cinco Saltos,11/1/2017
102,Roxy Devote,11/23/1980,rdevoteo7@sbwire.com,62765.93,Sales,Jinzhou,2/20/2010
102,Rorie Tether,4/13/2002,rtethero8@netscape.com,48059.27,Business Development,Siguiri,12/25/2017
102,Thedric Mortell,1/1/1963,tmortello9@symantec.com,50188.14,Business Development,Shinaihai,12/27/2013
102,Brietta Gajewski,8/23/2004,bgajewskioa@geocities.com,46803.69,Business Development,Xuri,4/18/2016
103,Clarice Van der Daal,4/10/1975,cvanob@hexun.com,50216.58,Accounting,Las Flores,6/12/2012
103,Ilka Nairne,6/19/1965,inairneoc@cocolog-nifty.com,65844.56,Business Development,Batad,4/27/2010
105,Bret Chanson,10/4/1974,bchansonod@mysql.com,62860.83,Sales,Ji’an,1/7/2018
104,Marys Brockman,4/17/2006,mbrockmanoe@hc360.com,67130.04,Engineering,Smiřice,12/29/2013
104,Xaviera Barabisch,6/9/1953,xbarabischof@amazon.co.jp,69294.14,Accounting,Esso,10/10/2012
101,Lucine Frome,4/24/1982,lfromeog@tmall.com,51266.48,Accounting,Padhahegha,5/16/2015
103,Albrecht Wehnerr,9/3/1979,awehnerroh@theatlantic.com,69952.4,Accounting,Bourges,2/19/2012
101,Miner Jennings,10/6/1976,mjenningsoi@geocities.com,59894.91,Sales,Xindu,6/6/2012
105,Huntley Rignold,11/5/1958,hrignoldoj@cloudflare.com,69020.52,Support,Rio Negrinho,7/15/2011
103,Kennie Guiden,7/7/1989,kguidenok@chronoengine.com,64071.83,Support,Livramento,8/3/2016
104,Ruperto Ivushkin,11/21/2004,rivushkinol@elegantthemes.com,59850.44,Research and Development,Shilong,12/24/2018
102,Drucie Padkin,7/3/2010,dpadkinom@tamu.edu,66229.98,Sales,Souto da Costa,5/20/2017
103,Nataniel Trevorrow,8/8/2004,ntrevorrowon@shutterfly.com,48768.16,Research and Development,Zhoukou,2/5/2016
105,Irwinn Tolossi,12/21/1963,itolossioo@usnews.com,55435.72,Business Development,Ostrov,9/12/2018
103,Wendeline De Blasiis,9/2/1995,wdeop@wsj.com,63375.25,Product Management,Fryazino,2/10/2012
103,Demetrius Barks,11/20/1988,dbarksoq@surveymonkey.com,57800.95,Product Management,Priyutovo,9/29/2010
104,Jeff Ubach,7/9/1968,jubachor@infoseek.co.jp,65607.79,Marketing,Paisha,6/24/2013
104,Garvin Marden,5/18/2011,gmardenos@soundcloud.com,51750.46,Sales,Rathnew,7/8/2011
101,Lynne Duckerin,1/2/2011,lduckerinot@upenn.edu,67768.26,Legal,Jingxi,6/28/2013
102,Bear Liggett,2/3/1962,bliggettou@va.gov,54024.11,Business Development,Bobigny,12/20/2010
103,Baxter Balcombe,2/1/1971,bbalcombeov@behance.net,52215.04,Product Management,Namwala,1/27/2014
101,Lorenza Bovey,6/6/1964,lboveyow@home.pl,53752.47,Training,Szydłowo,11/16/2016
103,Harmon Dechelle,4/9/2010,hdechelleox@guardian.co.uk,60567.1,Services,Doushan,11/13/2010
104,Connie Ankrett,2/5/1966,cankrettoy@state.tx.us,53443.44,Marketing,Jaú,6/27/2014
105,Fraze Angear,1/22/1982,fangearoz@skyrock.com,54316.46,Business Development,Seto,6/5/2013
104,Ondrea Izzatt,10/7/2006,oizzattp0@bing.com,63693.63,Business Development,San Rafael,2/12/2014
105,Marijn Bennellick,2/2/1985,mbennellickp1@dailymail.co.uk,54914.78,Legal,Makui,11/16/2018
104,Amandy Lafontaine,1/24/1956,alafontainep2@howstuffworks.com,69168.62,Support,Znojmo,7/12/2012
102,Kaye Garfield,6/17/1963,kgarfieldp3@rediff.com,52135.72,Training,Baoshan,3/28/2013
104,Nicolle Petracchi,4/7/1993,npetracchip4@miitbeian.gov.cn,56385.35,Support,Garhi Yāsīn,1/29/2016
103,Rosalie Ivannikov,11/5/1964,rivannikovp5@prlog.org,56517.83,Engineering,Kayan,8/8/2015
105,Salmon Fache,8/4/1991,sfachep6@yahoo.com,45926.99,Accounting,Lanchyn,11/7/2011
104,Dorita Paolozzi,3/10/1962,dpaolozzip7@slideshare.net,50853.54,Research and Development,João Alfredo,4/1/2010
103,Keelia Duplain,6/6/1975,kduplainp8@miibeian.gov.cn,60470.0,Marketing,Ullulluco,6/19/2018
105,Ezequiel Canwell,11/9/2004,ecanwellp9@sina.com.cn,57153.58,Marketing,Yuscarán,9/30/2012
102,Marja Carslaw,6/28/1960,mcarslawpa@unicef.org,60448.83,Training,Rivière-du-Loup,12/24/2011
104,Urbanus Mechi,5/11/1965,umechipb@ifeng.com,58289.37,Human Resources,Martinópolis,10/17/2017
102,Kerwin Sultana,3/26/1986,ksultanapc@redcross.org,66599.15,Marketing,Đoan Hùng,5/16/2010
104,Raimondo Harrop,7/20/1991,rharroppd@ihg.com,51040.95,Marketing,Lascano,9/25/2012
104,Harriot Mallion,12/25/1956,hmallionpe@reverbnation.com,65208.01,Human Resources,Beaumont,4/15/2011
103,Fredek Applewhite,2/14/1969,fapplewhitepf@surveymonkey.com,53846.25,Research and Development,Gouveia,12/24/2010
101,Jackquelin Vargas,7/13/1965,jvargaspg@imageshack.us,61015.35,Research and Development,Haykashen,7/25/2012
101,Hayley Brekonridge,6/23/2005,hbrekonridgeph@businessweek.com,49950.92,Research and Development,Les Abymes,3/2/2016
102,Constantine Cholwell,4/24/1981,ccholwellpi@buzzfeed.com,61488.06,Business Development,Longnan,10/17/2011
102,Sonnnie Lacroux,10/15/1989,slacrouxpj@mtv.com,57457.43,Business Development,Simod,2/22/2014
105,Tamma Corde,7/12/2004,tcordepk@gravatar.com,63385.74,Business Development,Sirindhorn,10/1/2011
103,Quillan Pollack,1/6/1984,qpollackpl@zimbio.com,59724.45,Engineering,Hal’shany,9/26/2018
105,Mariya Seczyk,10/3/1953,mseczykpm@xing.com,47826.81,Marketing,San Jose,10/7/2012
104,Gracie Muckeen,3/18/1952,gmuckeenpn@phoca.cz,69240.77,Training,Jianli,8/14/2015
104,Pris Avo,6/28/1976,pavopo@drupal.org,56239.48,Accounting,Novosil’,9/2/2014
103,Anitra Jacobsohn,6/20/1968,ajacobsohnpp@dedecms.com,53734.16,Sales,Dongjiao,10/19/2010
104,Ofilia Gokes,1/5/1971,ogokespq@msu.edu,58182.57,Sales,Shuangbaiyang,5/19/2017
103,Bobbee Coniff,2/6/1969,bconiffpr@jimdo.com,66562.0,Product Management,Bontang,4/11/2017
101,Ginnie Coalburn,4/8/1978,gcoalburnps@alibaba.com,69510.49,Accounting,Abreus,5/16/2018
105,Gypsy Mitchely,7/27/1953,gmitchelypt@pbs.org,49974.17,Human Resources,Colegiales,1/2/2010
102,Jacinthe Rikel,9/9/1977,jrikelpu@upenn.edu,55364.76,Legal,Ljig,3/31/2013
105,Brianna Sibbs,3/1/1968,bsibbspv@hp.com,56324.73,Accounting,Nong Ki,3/10/2018
104,Jennine Stoppard,1/26/1991,jstoppardpw@digg.com,68419.83,Training,Mosteirô,6/6/2012
103,Theadora Spearing,12/24/1955,tspearingpx@cisco.com,54407.68,Accounting,Hamanoichi,12/10/2015
104,Dallas Atley,6/11/1973,datleypy@prweb.com,69794.73,Product Management,Maopingchang,6/11/2014
104,Phylys Morling,10/5/2003,pmorlingpz@globo.com,54714.3,Sales,Corral,11/25/2017
104,Genia Fellenor,5/17/1952,gfellenorq0@hao123.com,60322.01,Support,Phu Luang,3/26/2015
102,Tresa Hinckes,3/24/1983,thinckesq1@soundcloud.com,68049.92,Business Development,Daping,3/30/2016
104,Pattie Creavan,5/14/1967,pcreavanq2@tiny.cc,57225.27,Marketing,Qijiang,10/4/2011
105,Ninette Loughhead,2/14/2011,nloughheadq3@sfgate.com,48348.48,Business Development,Ransiki,2/12/2018
103,Claudelle Craster,12/4/1959,ccrasterq4@pcworld.com,63740.87,Business Development,Petrovsk,2/21/2012
104,Oralie Fusco,8/1/1974,ofuscoq5@msn.com,60545.83,Engineering,Mirkovci,1/20/2015
103,Jasmin Febvre,2/13/1988,jfebvreq6@rakuten.co.jp,54840.07,Research and Development,Zhoukou,3/2/2010
101,Mil Tembridge,11/22/1993,mtembridgeq7@delicious.com,45613.12,Support,Iquique,11/18/2011
102,Corby Pasticznyk,10/27/1994,cpasticznykq8@studiopress.com,48199.49,Legal,Linxihe,7/17/2013
101,Sherri Shinfield,7/4/2011,sshinfieldq9@weather.com,49704.23,Accounting,Kamennogorsk,9/29/2010
105,Darb Ramm,12/4/2006,drammqa@github.com,49674.1,Support,Gaohong,12/17/2018
103,Maynard Calley,12/7/1976,mcalleyqb@exblog.jp,46337.8,Engineering,Kolaka,11/21/2018
105,Troy Frapwell,1/7/1970,tfrapwellqc@discovery.com,61921.66,Accounting,Železný Brod,5/26/2016
103,Carling McPeice,11/16/1999,cmcpeiceqd@spotify.com,62434.69,Legal,Lençóis Paulista,4/11/2012
102,Brennen Bridgement,7/27/2000,bbridgementqe@ihg.com,53853.54,Services,Changxingbao,8/5/2016
102,Rycca Stanyer,9/23/1956,rstanyerqf@woothemes.com,60678.59,Training,Kubangkondanglapangan,6/29/2012
101,Ezechiel Hellyer,4/10/1986,ehellyerqg@live.com,54229.87,Engineering,Zhuangbu,3/21/2010
103,Tiphanie Breens,11/1/2007,tbreensqh@usatoday.com,63173.76,Human Resources,Armação,8/7/2017
105,Sarina Quinane,6/29/2002,squinaneqi@marriott.com,67639.08,Product Management,Non Sang,1/3/2018
103,Hermy Pidduck,2/5/1966,hpidduckqj@samsung.com,67354.29,Legal,Chambray-lès-Tours,9/9/2010
102,Bil Camden,12/8/1985,bcamdenqk@naver.com,62503.68,Engineering,Bodega,1/6/2013
103,Jeffy Minshaw,5/30/1969,jminshawql@feedburner.com,68256.69,Services,Yudai,2/8/2013
103,Craig Kolak,4/5/1960,ckolakqm@w3.org,67244.48,Engineering,Razan,12/25/2010
104,Bartel Overill,3/26/1970,boverillqn@github.io,58635.42,Product Management,Taquara,2/14/2012
102,Mildrid Edgerly,10/7/1956,medgerlyqo@usda.gov,50769.48,Business Development,Touho,7/15/2011
103,Jens Solesbury,9/16/1954,jsolesburyqp@umn.edu,67115.14,Engineering,Lücheng,11/6/2014
102,Hugues Gwyllt,10/23/1984,hgwylltqq@artisteer.com,68419.34,Services,Asempapak,10/1/2013
103,Merv Linnock,1/15/1985,mlinnockqr@goo.gl,63793.75,Business Development,Henglin,12/16/2013
103,Lianne Hablet,2/2/1969,lhabletqs@nature.com,45141.9,Sales,São João dos Patos,8/5/2016
103,Julienne Paulon,2/1/1977,jpaulonqt@gravatar.com,64395.93,Product Management,Wenqiao,9/26/2015
104,Annamarie McGhee,4/4/1988,amcgheequ@harvard.edu,60806.54,Human Resources,Três de Maio,9/8/2010
102,Daffy Gretton,8/18/1957,dgrettonqv@dell.com,45392.34,Human Resources,Oldřišov,6/26/2016
101,Casandra Wulfinger,8/10/1986,cwulfingerqw@instagram.com,54820.41,Research and Development,Fiães,4/16/2017
103,Gabriel Wheelhouse,3/11/1976,gwheelhouseqx@si.edu,60404.82,Support,Pancol,10/8/2018
101,Jarad Chismon,6/23/1961,jchismonqy@google.nl,46274.19,Research and Development,Bałtów,8/7/2012
104,Hall Winterburn,6/1/1965,hwinterburnqz@newyorker.com,46998.08,Support,Gaza,10/19/2014
103,Gilemette Carbert,2/5/1978,gcarbertr0@vistaprint.com,69982.79,Legal,Huangdu,11/30/2016
105,Rowe Robic,12/6/2006,rrobicr1@umn.edu,57813.27,Human Resources,Strängnäs,9/26/2013
104,Emmye Dechelette,5/5/1958,edecheletter2@netscape.com,63954.9,Legal,Ibagué,7/26/2010
103,Zia Maudling,7/6/2010,zmaudlingr3@google.co.jp,60691.25,Human Resources,Ijuw,9/30/2017
104,Harley Izod,3/31/2007,hizodr4@about.me,61474.96,Services,Daleman,5/4/2017
101,Cristen Brockbank,2/12/1994,cbrockbankr5@squarespace.com,67697.3,Research and Development,Tuopu Luke,2/20/2010
105,Shermie Wevell,5/6/2007,swevellr6@rediff.com,61740.99,Legal,Kuala Bintang,8/4/2010
105,Alphard Barensky,2/1/1981,abarenskyr7@time.com,62137.88,Accounting,Jin’e,5/18/2010
101,Griffy Arrow,7/24/1984,garrowr8@dropbox.com,47647.02,Support,Chadiza,2/15/2015
103,Maryanne Colley,9/19/2008,mcolleyr9@hao123.com,62737.07,Business Development,Encontrados,5/11/2018
102,Justinn Schultz,1/15/1967,jschultzra@blogger.com,53024.85,Sales,Antonio Toledo Corro,4/23/2012
102,Beatrix Arnholdt,5/27/1964,barnholdtrb@parallels.com,55357.51,Training,Karanggintung,10/14/2018
102,Pete Gorusso,5/27/2011,pgorussorc@github.com,48075.72,Business Development,Ralevka,10/31/2018
101,Ive Gashion,3/5/1974,igashionrd@posterous.com,61126.13,Human Resources,Lubień,3/26/2014
103,Steward Latliff,11/24/1993,slatliffre@bluehost.com,60954.82,Product Management,Lagangilang,7/11/2010
101,Nicholas Patrickson,1/1/1960,npatricksonrf@pbs.org,45532.02,Marketing,Uberlândia,9/1/2016
103,Elsa Ive,2/1/1997,eiverg@cnn.com,51447.29,Engineering,Ash Shuhadā’,1/4/2015
104,Seka MacRirie,12/3/1987,smacririerh@last.fm,63853.01,Marketing,Ulsan,11/28/2015
105,Regine Wren,12/24/1960,rwrenri@pinterest.com,61170.32,Business Development,Sonsorol Village,7/22/2014
102,Olly Allbut,12/7/1988,oallbutrj@addtoany.com,45569.71,Training,Ballsh,11/16/2014
104,Karita Bowler,12/8/2004,kbowlerrk@posterous.com,56025.9,Accounting,Puunage,10/16/2017
102,Elwin Glanert,3/11/1964,eglanertrl@forbes.com,64409.34,Training,Rat Burana,1/6/2015
103,Woodman Benedito,2/19/1987,wbeneditorm@phoca.cz,52294.24,Product Management,Tongzhong,2/11/2012
101,Galvan Chattelaine,4/15/1986,gchattelainern@tumblr.com,45662.62,Business Development,Lumbayan,4/21/2017
102,Gardener Best,6/5/1999,gbestro@smugmug.com,57563.02,Product Management,Kuala Lumpur,9/29/2012
104,Niven Mccaull,4/10/1985,nmccaullrp@livejournal.com,64508.97,Services,Xinyang,3/30/2016
103,Carri Goldsmith,12/19/2001,cgoldsmithrq@opensource.org,66212.98,Support,Fenais da Luz,12/24/2016
105,Byron Figiovanni,3/6/1957,bfigiovannirr@woothemes.com,67645.72,Research and Development,Neiba,5/28/2018
